run_id,seed,feature,n,prevalence,precision,recall,f1,pr_auc,mcc,fpr,tp,fp,tn,fn,predicted_positive,coefficient
final_csecic_lr_forensic_20260910T235954Z,42,Dst Port,20000,0.5,0.9994003597841296,1.0,0.9997000899730081,0.9990375175334554,0.9994001798920487,0.0006,10000,6,9994,0,10006,-22.89941706144962
final_csecic_lr_forensic_20260910T235954Z,42,Protocol,20000,0.5,0.5,1.0,0.6666666666666666,0.5,0.0,1.0,10000,10000,0,0,20000,-1.5254868280992628
final_csecic_lr_forensic_20260910T235954Z,42,Flow Duration,20000,0.5,0.12,0.0024,0.004705882352941176,0.3100868244095633,-0.07638287395970011,0.0176,24,176,9824,9976,200,0.2857823476439278
final_csecic_lr_forensic_20260910T235954Z,42,Tot Fwd Pkts,20000,0.5,0.9492774428174945,0.9919,0.9701207883026065,0.9799899789775919,0.9398478492907508,0.053,9919,530,9470,81,10449,-0.04145974561273936
final_csecic_lr_forensic_20260910T235954Z,42,Tot Bwd Pkts,20000,0.5,0.9912035599710235,0.9578,0.9742155317093018,0.9743719998942875,0.9498395148432254,0.0085,9578,85,9915,422,9663,-2.261058640019819
final_csecic_lr_forensic_20260910T235954Z,42,TotLen Fwd Pkts,20000,0.5,0.003625742773693222,0.0036,0.0036128255306337497,0.480619820123929,-0.9857248455078504,0.9893,36,9893,107,9964,9929,0.2214895951256209
final_csecic_lr_forensic_20260910T235954Z,42,TotLen Bwd Pkts,20000,0.5,0.5091701663920046,0.9578,0.6648849397799451,0.9684281717945509,0.07294948429294469,0.9233,9578,9233,767,422,18811,-6.400376726035832
final_csecic_lr_forensic_20260910T235954Z,42,Fwd Pkt Len Max,20000,0.5,0.04091129423170141,0.0422,0.04154565591927147,0.4797857575542419,-0.9475702299557052,0.9893,422,9893,107,9578,10315,0.4168364486660338
final_csecic_lr_forensic_20260910T235954Z,42,Fwd Pkt Len Min,20000,0.5,0.5,1.0,0.6666666666666666,0.5,0.0,1.0,10000,10000,0,0,20000,-1.5346899660482338
final_csecic_lr_forensic_20260910T235954Z,42,Fwd Pkt Len Mean,20000,0.5,0.03988742236024845,0.0411,0.040484633569739956,0.4798336099584223,-0.9486384481766152,0.9893,411,9893,107,9589,10304,0.5143837109826945
final_csecic_lr_forensic_20260910T235954Z,42,Fwd Pkt Len Std,20000,0.5,0.04091129423170141,0.0422,0.04154565591927147,0.47978033512787976,-0.9475702299557052,0.9893,422,9893,107,9578,10315,0.7520793805142517
final_csecic_lr_forensic_20260910T235954Z,42,Bwd Pkt Len Max,20000,0.5,0.34618539786710417,0.0422,0.0752295213477137,0.5210002364066194,-0.0783736473781735,0.0797,422,797,9203,9578,1219,0.23302353809717502
final_csecic_lr_forensic_20260910T235954Z,42,Bwd Pkt Len Min,20000,0.5,0.5,1.0,0.6666666666666666,0.5,0.0,1.0,10000,10000,0,0,20000,-4.857346403885168
final_csecic_lr_forensic_20260910T235954Z,42,Bwd Pkt Len Mean,20000,0.5,0.14237516869095818,0.0422,0.06510336315951867,0.5116886042419191,-0.2983410030783071,0.2542,422,2542,7458,9578,2964,0.02160007566549467
final_csecic_lr_forensic_20260910T235954Z,42,Bwd Pkt Len Std,20000,0.5,0.04726702508960574,0.0422,0.04459002535925613,0.5211,-0.8130854237297116,0.8506,422,8506,1494,9578,8928,0.5289338543991255
final_csecic_lr_forensic_20260910T235954Z,42,Flow Byts/s,20000,0.5,0.499799899949975,0.9991,0.6662887629209736,0.9722401840311747,-0.01789301763370338,0.9999,9991,9999,1,9,19990,-0.33920018184814305
final_csecic_lr_forensic_20260910T235954Z,42,Flow Pkts/s,20000,0.5,0.43525159541424296,0.7707,0.5563215072003465,0.31001082517728623,-0.35985665086463814,1.0,7707,10000,0,2293,17707,-0.1743259629678243
final_csecic_lr_forensic_20260910T235954Z,42,Flow IAT Mean,20000,0.5,0.12,0.0024,0.004705882352941176,0.3100539517173185,-0.07638287395970011,0.0176,24,176,9824,9976,200,0.4014057055160178
final_csecic_lr_forensic_20260910T235954Z,42,Flow IAT Std,20000,0.5,0.12307692307692308,0.0024,0.0047081902893575285,0.4377873312003718,-0.07480189594002547,0.0171,24,171,9829,9976,195,1.0697054913958888
final_csecic_lr_forensic_20260910T235954Z,42,Flow IAT Max,20000,0.5,0.12,0.0024,0.004705882352941176,0.3101627792949693,-0.07638287395970011,0.0176,24,176,9824,9976,200,0.5969361461488523
final_csecic_lr_forensic_20260910T235954Z,42,Flow IAT Min,20000,0.5,0.0,0.0,0.0,0.8702454975642354,-0.015813365095036138,0.0005,0,5,9995,10000,5,0.10809749974507082
final_csecic_lr_forensic_20260910T235954Z,42,Fwd IAT Tot,20000,0.5,0.12,0.0024,0.004705882352941176,0.3153994241124034,-0.07638287395970011,0.0176,24,176,9824,9976,200,0.24789983556962547
final_csecic_lr_forensic_20260910T235954Z,42,Fwd IAT Mean,20000,0.5,0.12,0.0024,0.004705882352941176,0.3164387673033872,-0.07638287395970011,0.0176,24,176,9824,9976,200,0.5460699302321826
final_csecic_lr_forensic_20260910T235954Z,42,Fwd IAT Std,20000,0.5,0.01834479883260371,0.0176,0.01796468306624477,0.43815261091832225,-0.9249626501270912,0.9418,176,9418,582,9824,9594,0.25486025821433556
final_csecic_lr_forensic_20260910T235954Z,42,Fwd IAT Max,20000,0.5,0.12,0.0024,0.004705882352941176,0.31543329832255074,-0.07638287395970011,0.0176,24,176,9824,9976,200,0.5539121547134929
final_csecic_lr_forensic_20260910T235954Z,42,Fwd IAT Min,20000,0.5,0.0,0.0,0.0,0.7810109351157408,-0.015813365095036138,0.0005,0,5,9995,10000,5,0.48186653360277354
final_csecic_lr_forensic_20260910T235954Z,42,Bwd IAT Tot,20000,0.5,0.1,0.0019,0.003729146221786065,0.4839583118506418,-0.07834739295494746,0.0171,19,171,9829,9981,190,0.25826082011860996
final_csecic_lr_forensic_20260910T235954Z,42,Bwd IAT Mean,20000,0.5,0.1,0.0019,0.003729146221786065,0.4826272433638545,-0.07834739295494746,0.0171,19,171,9829,9981,190,1.7280945694434307
final_csecic_lr_forensic_20260910T235954Z,42,Bwd IAT Std,20000,0.5,0.18831168831168832,0.0087,0.016631619193270886,0.4829796711179802,-0.09585868066290701,0.0375,87,375,9625,9913,462,0.8376844250579354
final_csecic_lr_forensic_20260910T235954Z,42,Bwd IAT Max,20000,0.5,0.1,0.0019,0.003729146221786065,0.48384149760230866,-0.07834739295494746,0.0171,19,171,9829,9981,190,0.6882510537739662
final_csecic_lr_forensic_20260910T235954Z,42,Bwd IAT Min,20000,0.5,0.0,0.0,0.0,0.4800254022338681,0.0,0.0,0,0,10000,10000,0,1.311153434117875
final_csecic_lr_forensic_20260910T235954Z,42,Fwd PSH Flags,20000,0.5,0.0,0.0,0.0,0.5,-0.010000500037503125,0.0002,0,2,9998,10000,2,0.08572122428029497
final_csecic_lr_forensic_20260910T235954Z,42,Bwd PSH Flags,20000,0.5,0.0,0.0,0.0,0.5,0.0,0.0,0,0,10000,10000,0,0.0
final_csecic_lr_forensic_20260910T235954Z,42,Fwd URG Flags,20000,0.5,0.0,0.0,0.0,0.5,0.0,0.0,0,0,10000,10000,0,0.0
final_csecic_lr_forensic_20260910T235954Z,42,Bwd URG Flags,20000,0.5,0.0,0.0,0.0,0.5,0.0,0.0,0,0,10000,10000,0,0.0
final_csecic_lr_forensic_20260910T235954Z,42,Fwd Header Len,20000,0.5,0.02001188825044581,0.0202,0.020105504130586243,0.40578387760186696,-0.9690428132572554,0.9892,202,9892,108,9798,10094,0.6702676886515807
final_csecic_lr_forensic_20260910T235954Z,42,Bwd Header Len,20000,0.5,0.9912035599710235,0.9578,0.9742155317093018,0.9746426722077473,0.9498395148432254,0.0085,9578,85,9915,422,9663,-0.3091921589777385
final_csecic_lr_forensic_20260910T235954Z,42,Fwd Pkts/s,20000,0.5,0.43451707758425695,0.7684,0.5551220921832105,0.310568026810021,-0.3618920347720934,1.0,7684,10000,0,2316,17684,-0.29341791148010515
final_csecic_lr_forensic_20260910T235954Z,42,Bwd Pkts/s,20000,0.5,1.0,0.2269,0.36987529546010267,0.6292074349083627,0.35772610431693946,0.0,2269,0,10000,7731,2269,0.08753269650636099
final_csecic_lr_forensic_20260910T235954Z,42,Pkt Len Min,20000,0.5,0.5,1.0,0.6666666666666666,0.5,0.0,1.0,10000,10000,0,0,20000,-3.7843151104511805
final_csecic_lr_forensic_20260910T235954Z,42,Pkt Len Max,20000,0.5,0.04091129423170141,0.0422,0.04154565591927147,0.48062662400620515,-0.9475702299557052,0.9893,422,9893,107,9578,10315,0.28643321969334734
final_csecic_lr_forensic_20260910T235954Z,42,Pkt Len Mean,20000,0.5,0.04091129423170141,0.0422,0.04154565591927147,0.4829318419271681,-0.9475702299557052,0.9893,422,9893,107,9578,10315,0.09639994763316238
final_csecic_lr_forensic_20260910T235954Z,42,Pkt Len Std,20000,0.5,0.04091129423170141,0.0422,0.04154565591927147,0.5014088423120584,-0.9475702299557052,0.9893,422,9893,107,9578,10315,0.40828318306034983
final_csecic_lr_forensic_20260910T235954Z,42,Pkt Len Var,20000,0.5,0.04091129423170141,0.0422,0.04154565591927147,0.5014088423120584,-0.9475702299557052,0.9893,422,9893,107,9578,10315,0.18575558689906535
final_csecic_lr_forensic_20260910T235954Z,42,FIN Flag Cnt,20000,0.5,0.49937421777221525,0.9975,0.6655546288573811,0.4993757822277847,-0.03537745688386125,1.0,9975,10000,0,25,19975,-0.07112631627465973
final_csecic_lr_forensic_20260910T235954Z,42,SYN Flag Cnt,20000,0.5,0.0,0.0,0.0,0.5,-0.010000500037503125,0.0002,0,2,9998,10000,2,0.08572122428029497
final_csecic_lr_forensic_20260910T235954Z,42,RST Flag Cnt,20000,0.5,0.5,1.0,0.6666666666666666,0.5,0.0,1.0,10000,10000,0,0,20000,-1.2850149461774414
final_csecic_lr_forensic_20260910T235954Z,42,PSH Flag Cnt,20000,0.5,0.9996,0.2499,0.39984,0.62485004,0.37766210143081985,0.0001,2499,1,9999,7501,2500,0.5854617061850664
final_csecic_lr_forensic_20260910T235954Z,42,ACK Flag Cnt,20000,0.5,0.4279336004579279,0.7476,0.5443028758645796,0.4461231597023469,-0.37874683530624537,0.9994,7476,9994,6,2524,17470,0.15994213507867666
final_csecic_lr_forensic_20260910T235954Z,42,URG Flag Cnt,20000,0.5,0.5055498458376156,0.9838,0.6678886625933469,0.5054599383350462,0.06663239955226359,0.9622,9838,9622,378,162,19460,-0.5056111546137366
final_csecic_lr_forensic_20260910T235954Z,42,CWE Flag Count,20000,0.5,0.0,0.0,0.0,0.5,0.0,0.0,0,0,10000,10000,0,0.0
final_csecic_lr_forensic_20260910T235954Z,42,ECE Flag Cnt,20000,0.5,0.5,1.0,0.6666666666666666,0.5,0.0,1.0,10000,10000,0,0,20000,-1.2850149461774414
final_csecic_lr_forensic_20260910T235954Z,42,Down/Up Ratio,20000,0.5,0.4450572761985575,0.7343,0.5542095928148232,0.4601087888979509,-0.23854643878563064,0.9156,7343,9156,844,2657,16499,-0.5982928497034721
final_csecic_lr_forensic_20260910T235954Z,42,Pkt Size Avg,20000,0.5,0.04091129423170141,0.0422,0.04154565591927147,0.48392442188082074,-0.9475702299557052,0.9893,422,9893,107,9578,10315,0.06577360518414344
final_csecic_lr_forensic_20260910T235954Z,42,Fwd Seg Size Avg,20000,0.5,0.03988742236024845,0.0411,0.040484633569739956,0.4798336099584223,-0.9486384481766152,0.9893,411,9893,107,9589,10304,0.5143837109826945
final_csecic_lr_forensic_20260910T235954Z,42,Bwd Seg Size Avg,20000,0.5,0.14237516869095818,0.0422,0.06510336315951867,0.5116886042419191,-0.2983410030783071,0.2542,422,2542,7458,9578,2964,0.021600075665494857
final_csecic_lr_forensic_20260910T235954Z,42,Fwd Byts/b Avg,20000,0.5,0.0,0.0,0.0,0.5,0.0,0.0,0,0,10000,10000,0,0.0
final_csecic_lr_forensic_20260910T235954Z,42,Fwd Pkts/b Avg,20000,0.5,0.0,0.0,0.0,0.5,0.0,0.0,0,0,10000,10000,0,0.0
final_csecic_lr_forensic_20260910T235954Z,42,Fwd Blk Rate Avg,20000,0.5,0.0,0.0,0.0,0.5,0.0,0.0,0,0,10000,10000,0,0.0
final_csecic_lr_forensic_20260910T235954Z,42,Bwd Byts/b Avg,20000,0.5,0.0,0.0,0.0,0.5,0.0,0.0,0,0,10000,10000,0,0.0
final_csecic_lr_forensic_20260910T235954Z,42,Bwd Pkts/b Avg,20000,0.5,0.0,0.0,0.0,0.5,0.0,0.0,0,0,10000,10000,0,0.0
final_csecic_lr_forensic_20260910T235954Z,42,Bwd Blk Rate Avg,20000,0.5,0.0,0.0,0.0,0.5,0.0,0.0,0,0,10000,10000,0,0.0
final_csecic_lr_forensic_20260910T235954Z,42,Subflow Fwd Pkts,20000,0.5,0.9492774428174945,0.9919,0.9701207883026065,0.9799899789775919,0.9398478492907508,0.053,9919,530,9470,81,10449,-0.04145974561273936
final_csecic_lr_forensic_20260910T235954Z,42,Subflow Fwd Byts,20000,0.5,0.003625742773693222,0.0036,0.0036128255306337497,0.480619820123929,-0.9857248455078504,0.9893,36,9893,107,9964,9929,0.2214895951256209
final_csecic_lr_forensic_20260910T235954Z,42,Subflow Bwd Pkts,20000,0.5,0.9912035599710235,0.9578,0.9742155317093018,0.9743719998942875,0.9498395148432254,0.0085,9578,85,9915,422,9663,-2.261058640019819
final_csecic_lr_forensic_20260910T235954Z,42,Subflow Bwd Byts,20000,0.5,0.5091701663920046,0.9578,0.6648849397799451,0.9684281717945509,0.07294948429294469,0.9233,9578,9233,767,422,18811,-6.400376726035832
final_csecic_lr_forensic_20260910T235954Z,42,Init Fwd Win Byts,20000,0.5,0.9996,0.2499,0.39984,0.7848827775080043,0.37766210143081985,0.0001,2499,1,9999,7501,2500,1.2196868873697766
final_csecic_lr_forensic_20260910T235954Z,42,Init Bwd Win Byts,20000,0.5,0.5,1.0,0.6666666666666666,0.9744144274235685,0.0,1.0,10000,10000,0,0,20000,-1.1871609025776155
final_csecic_lr_forensic_20260910T235954Z,42,Fwd Act Data Pkts,20000,0.5,0.49942428035043807,0.9976,0.6656213511259382,0.9681971724213804,-0.03254726033315235,0.9999,9976,9999,1,24,19975,-0.07754745347552694
final_csecic_lr_forensic_20260910T235954Z,42,Fwd Seg Size Min,20000,0.5,0.5000250639129781,0.9975,0.6661324251227086,0.6134696268294855,0.0009914124006489703,0.9974,9975,9974,26,25,19949,6.028303131050347
final_csecic_lr_forensic_20260910T235954Z,42,Active Mean,20000,0.5,0.0,0.0,0.0,0.4991038960426534,0.0,0.0,0,0,10000,10000,0,0.5606942360243816
final_csecic_lr_forensic_20260910T235954Z,42,Active Std,20000,0.5,0.0,0.0,0.0,0.5,0.0,0.0,0,0,10000,10000,0,0.45315539828086654
final_csecic_lr_forensic_20260910T235954Z,42,Active Max,20000,0.5,0.0,0.0,0.0,0.4991038960426534,0.0,0.0,0,0,10000,10000,0,0.4655345612803282
final_csecic_lr_forensic_20260910T235954Z,42,Active Min,20000,0.5,0.0,0.0,0.0,0.4991038960426534,0.0,0.0,0,0,10000,10000,0,0.5779188442550581
final_csecic_lr_forensic_20260910T235954Z,42,Idle Mean,20000,0.5,0.12,0.0024,0.004705882352941176,0.49868408546626974,-0.07638287395970011,0.0176,24,176,9824,9976,200,0.6300865154711632
final_csecic_lr_forensic_20260910T235954Z,42,Idle Std,20000,0.5,0.0,0.0,0.0,0.5,0.0,0.0,0,0,10000,10000,0,0.5164454658063119
final_csecic_lr_forensic_20260910T235954Z,42,Idle Max,20000,0.5,0.12,0.0024,0.004705882352941176,0.49868408546626974,-0.07638287395970011,0.0176,24,176,9824,9976,200,0.7049214269557957
final_csecic_lr_forensic_20260910T235954Z,42,Idle Min,20000,0.5,0.12,0.0024,0.004705882352941176,0.49868408546626974,-0.07638287395970011,0.0176,24,176,9824,9976,200,0.5161421313609211
final_csecic_lr_forensic_20260910T235954Z,43,Dst Port,20000,0.5,0.9995002498750625,1.0,0.9997500624843789,0.9994148172749068,0.9995001249375234,0.0005,10000,5,9995,0,10005,-22.067513545004402
final_csecic_lr_forensic_20260910T235954Z,43,Protocol,20000,0.5,0.5,1.0,0.6666666666666666,0.5,0.0,1.0,10000,10000,0,0,20000,-1.5301779033000047
final_csecic_lr_forensic_20260910T235954Z,43,Flow Duration,20000,0.5,0.11052631578947368,0.0021,0.0041216879293424925,0.31005000637589636,-0.07628561945613306,0.0169,21,169,9831,9979,190,0.3193199572423233
final_csecic_lr_forensic_20260910T235954Z,43,Tot Fwd Pkts,20000,0.5,0.9501483111663955,0.993,0.9711016576206543,0.9824666599817455,0.9418583622413476,0.0521,9930,521,9479,70,10451,-0.046191228928906924
final_csecic_lr_forensic_20260910T235954Z,43,Tot Bwd Pkts,20000,0.5,0.9915219189412737,0.959,0.9749898332655551,0.974299765258632,0.9513118673886066,0.0082,9590,82,9918,410,9672,-3.15350998086275
final_csecic_lr_forensic_20260910T235954Z,43,TotLen Fwd Pkts,20000,0.5,0.4999499799919968,0.9995,0.666511069618565,0.9896438188888936,-0.005001000300100035,0.9997,9995,9997,3,5,19992,-0.015377159802713975
final_csecic_lr_forensic_20260910T235954Z,43,TotLen Bwd Pkts,20000,0.5,0.5070318282753515,0.959,0.6633464757556893,0.9699113645675137,0.05869147602269753,0.9324,9590,9324,676,410,18914,-7.211352981107999
final_csecic_lr_forensic_20260910T235954Z,43,Fwd Pkt Len Max,20000,0.5,0.03976335951896033,0.041,0.04037221210181675,0.48033663022326994,-0.9495593227285211,0.9901,410,9901,99,9590,10311,0.597508031667121
final_csecic_lr_forensic_20260910T235954Z,43,Fwd Pkt Len Min,20000,0.5,0.5,1.0,0.6666666666666666,0.5,0.0,1.0,10000,10000,0,0,20000,-1.5471615616923198
final_csecic_lr_forensic_20260910T235954Z,43,Fwd Pkt Len Mean,20000,0.5,0.03939070534588144,0.0406,0.03998621165115478,0.48033289684334307,-0.949947763661951,0.9901,406,9901,99,9594,10307,0.6960319151318748
final_csecic_lr_forensic_20260910T235954Z,43,Fwd Pkt Len Std,20000,0.5,0.03976335951896033,0.041,0.04037221210181675,0.48033140065649715,-0.9495593227285211,0.9901,410,9901,99,9590,10311,0.851019995217896
final_csecic_lr_forensic_20260910T235954Z,43,Bwd Pkt Len Max,20000,0.5,0.32308904649330183,0.041,0.072765995208093,0.5202021791767555,-0.0920947870534153,0.0859,410,859,9141,9590,1269,0.2662514220631164
final_csecic_lr_forensic_20260910T235954Z,43,Bwd Pkt Len Min,20000,0.5,0.5,1.0,0.6666666666666666,0.5,0.0,1.0,10000,10000,0,0,20000,-4.761735203375121
final_csecic_lr_forensic_20260910T235954Z,43,Bwd Pkt Len Mean,20000,0.5,0.12105107764983762,0.041,0.06125345484425189,0.5105996696911811,-0.3422112146913466,0.2977,410,2977,7023,9590,3387,0.04864160206510823
final_csecic_lr_forensic_20260910T235954Z,43,Bwd Pkt Len Std,20000,0.5,0.04504504504504504,0.041,0.04292744215265417,0.5205,-0.8315596519497374,0.8692,410,8692,1308,9590,9102,0.5595871067763238
final_csecic_lr_forensic_20260910T235954Z,43,Flow Byts/s,20000,0.5,0.49964975482837987,0.9986,0.6660441539385047,0.9736180206511524,-0.026466778104640317,1.0,9986,10000,0,14,19986,-2.8677331305662
final_csecic_lr_forensic_20260910T235954Z,43,Flow Pkts/s,20000,0.5,0.4344850986823503,0.7683,0.5550698984936604,0.3101516719530996,-0.36198038984909037,1.0,7683,10000,0,2317,17683,-0.18960031755070886
final_csecic_lr_forensic_20260910T235954Z,43,Flow IAT Mean,20000,0.5,0.11052631578947368,0.0021,0.0041216879293424925,0.31018220072176583,-0.07628561945613306,0.0169,21,169,9831,9979,190,0.39094373726410275
final_csecic_lr_forensic_20260910T235954Z,43,Flow IAT Std,20000,0.5,0.11170212765957446,0.0021,0.004122497055359246,0.43819487140537233,-0.07565014617009305,0.0167,21,167,9833,9979,188,1.2508996154324976
final_csecic_lr_forensic_20260910T235954Z,43,Flow IAT Max,20000,0.5,0.11052631578947368,0.0021,0.0041216879293424925,0.3101095731678185,-0.07628561945613306,0.0169,21,169,9831,9979,190,0.6286001365843497
final_csecic_lr_forensic_20260910T235954Z,43,Flow IAT Min,20000,0.5,0.0,0.0,0.0,0.8717394147367727,-0.010000500037503125,0.0002,0,2,9998,10000,2,0.07969050070207073
final_csecic_lr_forensic_20260910T235954Z,43,Fwd IAT Tot,20000,0.5,0.11052631578947368,0.0021,0.0041216879293424925,0.31536045289046527,-0.07628561945613306,0.0169,21,169,9831,9979,190,0.27680298830845246
final_csecic_lr_forensic_20260910T235954Z,43,Fwd IAT Mean,20000,0.5,0.11052631578947368,0.0021,0.0041216879293424925,0.3168045259159333,-0.07628561945613306,0.0169,21,169,9831,9979,190,0.5517212459131272
final_csecic_lr_forensic_20260910T235954Z,43,Fwd IAT Std,20000,0.5,0.01943755169561621,0.0188,0.01911346075640504,0.4387172517685913,-0.9301004542747673,0.9484,188,9484,516,9812,9672,0.26951805918416233
final_csecic_lr_forensic_20260910T235954Z,43,Fwd IAT Max,20000,0.5,0.11052631578947368,0.0021,0.0041216879293424925,0.31535278905416897,-0.07628561945613306,0.0169,21,169,9831,9979,190,0.5785277295923033
final_csecic_lr_forensic_20260910T235954Z,43,Fwd IAT Min,20000,0.5,0.0,0.0,0.0,0.7848317336303667,-0.010000500037503125,0.0002,0,2,9998,10000,2,0.4882282286267215
final_csecic_lr_forensic_20260910T235954Z,43,Bwd IAT Tot,20000,0.5,0.08241758241758242,0.0015,0.0029463759575721863,0.4844216554706627,-0.08003463744082517,0.0167,15,167,9833,9985,182,0.3057535233939669
final_csecic_lr_forensic_20260910T235954Z,43,Bwd IAT Mean,20000,0.5,0.08241758241758242,0.0015,0.0029463759575721863,0.4831423650939175,-0.08003463744082517,0.0167,15,167,9833,9985,182,2.268624484916094
final_csecic_lr_forensic_20260910T235954Z,43,Bwd IAT Std,20000,0.5,0.27808471454880296,0.0151,0.028644598311675994,0.4835133544668069,-0.07414454225562242,0.0392,151,392,9608,9849,543,0.9644961882791302
final_csecic_lr_forensic_20260910T235954Z,43,Bwd IAT Max,20000,0.5,0.08241758241758242,0.0015,0.0029463759575721863,0.48432745799667287,-0.08003463744082517,0.0167,15,167,9833,9985,182,0.7810103152049555
final_csecic_lr_forensic_20260910T235954Z,43,Bwd IAT Min,20000,0.5,0.0,0.0,0.0,0.48047959093073345,0.0,0.0,0,0,10000,10000,0,1.4540514281008117
final_csecic_lr_forensic_20260910T235954Z,43,Fwd PSH Flags,20000,0.5,0.0,0.0,0.0,0.5,0.0,0.0,0,0,10000,10000,0,0.09547681248428184
final_csecic_lr_forensic_20260910T235954Z,43,Bwd PSH Flags,20000,0.5,0.0,0.0,0.0,0.5,0.0,0.0,0,0,10000,10000,0,0.0
final_csecic_lr_forensic_20260910T235954Z,43,Fwd URG Flags,20000,0.5,0.0,0.0,0.0,0.5,0.0,0.0,0,0,10000,10000,0,0.0
final_csecic_lr_forensic_20260910T235954Z,43,Bwd URG Flags,20000,0.5,0.0,0.0,0.0,0.5,0.0,0.0,0,0,10000,10000,0,0.0
final_csecic_lr_forensic_20260910T235954Z,43,Fwd Header Len,20000,0.5,0.01999406116994952,0.0202,0.02009650300950107,0.4040554531709309,-0.9699514524394781,0.9901,202,9901,99,9798,10103,0.8880622591198248
final_csecic_lr_forensic_20260910T235954Z,43,Bwd Header Len,20000,0.5,0.9915219189412737,0.959,0.9749898332655551,0.9745592620960344,0.9513118673886066,0.0082,9590,82,9918,410,9672,-0.36736067707881137
final_csecic_lr_forensic_20260910T235954Z,43,Fwd Pkts/s,20000,0.5,0.43336355394378967,0.7648,0.5532407407407407,0.3108847483208918,-0.3650655997384863,1.0,7648,10000,0,2352,17648,-0.3204600077310672
final_csecic_lr_forensic_20260910T235954Z,43,Bwd Pkts/s,20000,0.5,1.0,0.2289,0.37252827732118154,0.6298651613934179,0.3595020364183243,0.0,2289,0,10000,7711,2289,0.07569300289518396
final_csecic_lr_forensic_20260910T235954Z,43,Pkt Len Min,20000,0.5,0.5,1.0,0.6666666666666666,0.5,0.0,1.0,10000,10000,0,0,20000,-3.8460295150702604
final_csecic_lr_forensic_20260910T235954Z,43,Pkt Len Max,20000,0.5,0.03976335951896033,0.041,0.04037221210181675,0.4811302977402774,-0.9495593227285211,0.9901,410,9901,99,9590,10311,0.3426736796714256
final_csecic_lr_forensic_20260910T235954Z,43,Pkt Len Mean,20000,0.5,0.03976335951896033,0.041,0.04037221210181675,0.4830663048427398,-0.9495593227285211,0.9901,410,9901,99,9590,10311,0.13662563313684184
final_csecic_lr_forensic_20260910T235954Z,43,Pkt Len Std,20000,0.5,0.03976335951896033,0.041,0.04037221210181675,0.5011244906121018,-0.9495593227285211,0.9901,410,9901,99,9590,10311,0.4491000061299012
final_csecic_lr_forensic_20260910T235954Z,43,Pkt Len Var,20000,0.5,0.03976335951896033,0.041,0.04037221210181675,0.5011244906121018,-0.9495593227285211,0.9901,410,9901,99,9590,10311,0.3841539693910218
final_csecic_lr_forensic_20260910T235954Z,43,FIN Flag Cnt,20000,0.5,0.4992488733099649,0.997,0.665331998665332,0.499251126690035,-0.03875891355636926,1.0,9970,10000,0,30,19970,-0.053407212531528324
final_csecic_lr_forensic_20260910T235954Z,43,SYN Flag Cnt,20000,0.5,0.0,0.0,0.0,0.5,0.0,0.0,0,0,10000,10000,0,0.09547681248428184
final_csecic_lr_forensic_20260910T235954Z,43,RST Flag Cnt,20000,0.5,0.5,1.0,0.6666666666666666,0.5,0.0,1.0,10000,10000,0,0,20000,-1.2850149461774398
final_csecic_lr_forensic_20260910T235954Z,43,PSH Flag Cnt,20000,0.5,0.9988009592326139,0.2499,0.3997760358342665,0.6246503597122303,0.37723043310714194,0.0003,2499,3,9997,7501,2502,0.6193663576951951
final_csecic_lr_forensic_20260910T235954Z,43,ACK Flag Cnt,20000,0.5,0.4277453337913661,0.7471,0.5440180586907449,0.4460185388755296,-0.3793930032512669,0.9995,7471,9995,5,2529,17466,0.14151181550268427
final_csecic_lr_forensic_20260910T235954Z,43,URG Flag Cnt,20000,0.5,0.5049281314168378,0.9836,0.6672998643147897,0.5048473100616017,0.06032607651603633,0.9644,9836,9644,356,164,19480,-0.4387006625616974
final_csecic_lr_forensic_20260910T235954Z,43,CWE Flag Count,20000,0.5,0.0,0.0,0.0,0.5,0.0,0.0,0,0,10000,10000,0,0.0
final_csecic_lr_forensic_20260910T235954Z,43,ECE Flag Cnt,20000,0.5,0.5,1.0,0.6666666666666666,0.5,0.0,1.0,10000,10000,0,0,20000,-1.2850149461774398
final_csecic_lr_forensic_20260910T235954Z,43,Down/Up Ratio,20000,0.5,0.44356891744453875,0.7318,0.5523435730998566,0.45908026808194236,-0.24496608201012354,0.918,7318,9180,820,2682,16498,-0.4671963079236417
final_csecic_lr_forensic_20260910T235954Z,43,Pkt Size Avg,20000,0.5,0.03976335951896033,0.041,0.04037221210181675,0.4840205056786184,-0.9495593227285211,0.9901,410,9901,99,9590,10311,0.10142072245949013
final_csecic_lr_forensic_20260910T235954Z,43,Fwd Seg Size Avg,20000,0.5,0.03939070534588144,0.0406,0.03998621165115478,0.48033289684334307,-0.949947763661951,0.9901,406,9901,99,9594,10307,0.6960319151318748
final_csecic_lr_forensic_20260910T235954Z,43,Bwd Seg Size Avg,20000,0.5,0.12105107764983762,0.041,0.06125345484425189,0.5105996696911811,-0.3422112146913466,0.2977,410,2977,7023,9590,3387,0.04864160206510823
final_csecic_lr_forensic_20260910T235954Z,43,Fwd Byts/b Avg,20000,0.5,0.0,0.0,0.0,0.5,0.0,0.0,0,0,10000,10000,0,0.0
final_csecic_lr_forensic_20260910T235954Z,43,Fwd Pkts/b Avg,20000,0.5,0.0,0.0,0.0,0.5,0.0,0.0,0,0,10000,10000,0,0.0
final_csecic_lr_forensic_20260910T235954Z,43,Fwd Blk Rate Avg,20000,0.5,0.0,0.0,0.0,0.5,0.0,0.0,0,0,10000,10000,0,0.0
final_csecic_lr_forensic_20260910T235954Z,43,Bwd Byts/b Avg,20000,0.5,0.0,0.0,0.0,0.5,0.0,0.0,0,0,10000,10000,0,0.0
final_csecic_lr_forensic_20260910T235954Z,43,Bwd Pkts/b Avg,20000,0.5,0.0,0.0,0.0,0.5,0.0,0.0,0,0,10000,10000,0,0.0
final_csecic_lr_forensic_20260910T235954Z,43,Bwd Blk Rate Avg,20000,0.5,0.0,0.0,0.0,0.5,0.0,0.0,0,0,10000,10000,0,0.0
final_csecic_lr_forensic_20260910T235954Z,43,Subflow Fwd Pkts,20000,0.5,0.9501483111663955,0.993,0.9711016576206543,0.9824666599817455,0.9418583622413476,0.0521,9930,521,9479,70,10451,-0.046191228928906924
final_csecic_lr_forensic_20260910T235954Z,43,Subflow Fwd Byts,20000,0.5,0.4999499799919968,0.9995,0.666511069618565,0.9896438188888936,-0.005001000300100035,0.9997,9995,9997,3,5,19992,-0.015377159802713975
final_csecic_lr_forensic_20260910T235954Z,43,Subflow Bwd Pkts,20000,0.5,0.9915219189412737,0.959,0.9749898332655551,0.974299765258632,0.9513118673886066,0.0082,9590,82,9918,410,9672,-3.15350998086275
final_csecic_lr_forensic_20260910T235954Z,43,Subflow Bwd Byts,20000,0.5,0.5070318282753515,0.959,0.6633464757556893,0.9699113645675137,0.05869147602269753,0.9324,9590,9324,676,410,18914,-7.211352981107999
final_csecic_lr_forensic_20260910T235954Z,43,Init Fwd Win Byts,20000,0.5,0.9988009592326139,0.2499,0.3997760358342665,0.7840415003079911,0.37723043310714194,0.0003,2499,3,9997,7501,2502,1.2510908083382264
final_csecic_lr_forensic_20260910T235954Z,43,Init Bwd Win Byts,20000,0.5,0.5,1.0,0.6666666666666666,0.974392494701003,0.0,1.0,10000,10000,0,0,20000,-1.2817260440004754
final_csecic_lr_forensic_20260910T235954Z,43,Fwd Act Data Pkts,20000,0.5,0.49959955951546703,0.9981,0.66588831809994,0.9697834156982705,-0.024134185020286775,0.9997,9981,9997,3,19,19978,-0.11746246094883395
final_csecic_lr_forensic_20260910T235954Z,43,Fwd Seg Size Min,20000,0.5,0.4997243245952584,0.997,0.6657540649727889,0.6142384037366194,-0.011125314858480086,0.9981,9970,9981,19,30,19951,6.157280355910295
final_csecic_lr_forensic_20260910T235954Z,43,Active Mean,20000,0.5,0.0,0.0,0.0,0.49884137750837765,-0.007071244595190174,0.0001,0,1,9999,10000,1,0.5689427640777482
final_csecic_lr_forensic_20260910T235954Z,43,Active Std,20000,0.5,0.0,0.0,0.0,0.5,0.0,0.0,0,0,10000,10000,0,0.45980665953256467
final_csecic_lr_forensic_20260910T235954Z,43,Active Max,20000,0.5,0.0,0.0,0.0,0.49884137750837765,-0.007071244595190174,0.0001,0,1,9999,10000,1,0.47355572540666624
final_csecic_lr_forensic_20260910T235954Z,43,Active Min,20000,0.5,0.0,0.0,0.0,0.49884137750837765,-0.007071244595190174,0.0001,0,1,9999,10000,1,0.5868480307991858
final_csecic_lr_forensic_20260910T235954Z,43,Idle Mean,20000,0.5,0.11052631578947368,0.0021,0.0041216879293424925,0.4985447586386168,-0.07628561945613306,0.0169,21,169,9831,9979,190,0.6883856624824093
final_csecic_lr_forensic_20260910T235954Z,43,Idle Std,20000,0.5,0.0,0.0,0.0,0.5,0.0,0.0,0,0,10000,10000,0,0.5471676070333578
final_csecic_lr_forensic_20260910T235954Z,43,Idle Max,20000,0.5,0.11052631578947368,0.0021,0.0041216879293424925,0.4985447586386168,-0.07628561945613306,0.0169,21,169,9831,9979,190,0.761505915133955
final_csecic_lr_forensic_20260910T235954Z,43,Idle Min,20000,0.5,0.11052631578947368,0.0021,0.0041216879293424925,0.4985447586386168,-0.07628561945613306,0.0169,21,169,9831,9979,190,0.5660979964588606
final_csecic_lr_forensic_20260910T235954Z,44,Dst Port,20000,0.5,0.9995002498750625,1.0,0.9997500624843789,0.9994122725244521,0.9995001249375234,0.0005,10000,5,9995,0,10005,-22.258480484167606
final_csecic_lr_forensic_20260910T235954Z,44,Protocol,20000,0.5,0.5000250012500626,1.0,0.6666888896296543,0.5000250012500626,0.007071244595190174,0.9999,10000,9999,1,0,19999,-1.4785019500906544
final_csecic_lr_forensic_20260910T235954Z,44,Flow Duration,20000,0.5,0.11764705882352941,0.0022,0.004319230391675665,0.30992257407369594,-0.07429166888445324,0.0165,22,165,9835,9978,187,0.30083181469628345
final_csecic_lr_forensic_20260910T235954Z,44,Tot Fwd Pkts,20000,0.5,0.9535710852638662,0.992,0.9724060187227368,0.9824771328319739,0.9444672615694709,0.0483,9920,483,9517,80,10403,-0.0651225066359424
final_csecic_lr_forensic_20260910T235954Z,44,Tot Bwd Pkts,20000,0.5,0.9926141683137418,0.9542,0.9730280936113802,0.9733058058018831,0.9478100287513356,0.0071,9542,71,9929,458,9613,-3.0306919398223684
final_csecic_lr_forensic_20260910T235954Z,44,TotLen Fwd Pkts,20000,0.5,0.0050200803212851405,0.005,0.00501002004008016,0.4785928808695751,-0.9860078880946572,0.991,50,9910,90,9950,9960,0.3551894370680111
final_csecic_lr_forensic_20260910T235954Z,44,TotLen Bwd Pkts,20000,0.5,0.5018935409215233,0.9542,0.6577967737487936,0.9685123897765636,0.016612696131953392,0.947,9542,9470,530,458,19012,-7.50790159055424
final_csecic_lr_forensic_20260910T235954Z,44,Fwd Pkt Len Max,20000,0.5,0.044170122480470635,0.0458,0.04497029800186558,0.47813879982761864,-0.9459442229264836,0.9911,458,9911,89,9542,10369,0.44405460265159336
final_csecic_lr_forensic_20260910T235954Z,44,Fwd Pkt Len Min,20000,0.5,0.5000500050005,1.0,0.6667111140742716,0.5000500050005,0.010000500037503125,0.9998,10000,9998,2,0,19998,-1.6599632506376956
final_csecic_lr_forensic_20260910T235954Z,44,Fwd Pkt Len Mean,20000,0.5,0.043893497974146246,0.0455,0.04468231366002161,0.4781842040606952,-0.9462339809808213,0.9911,455,9911,89,9545,10366,0.5566610795942153
final_csecic_lr_forensic_20260910T235954Z,44,Fwd Pkt Len Std,20000,0.5,0.044178643773512105,0.0458,0.044974713998134234,0.4781328855379402,-0.9457371165362047,0.9909,458,9909,91,9542,10367,0.7874155615473043
final_csecic_lr_forensic_20260910T235954Z,44,Bwd Pkt Len Max,20000,0.5,0.360062893081761,0.0458,0.08126330731014904,0.5227008695652174,-0.07293915739602234,0.0814,458,814,9186,9542,1272,0.2639298903819449
final_csecic_lr_forensic_20260910T235954Z,44,Bwd Pkt Len Min,20000,0.5,0.5000250012500626,1.0,0.6666888896296543,0.5000250012500626,0.007071244595190174,0.9999,10000,9999,1,0,19999,-4.803871730092681
final_csecic_lr_forensic_20260910T235954Z,44,Bwd Pkt Len Mean,20000,0.5,0.15897257896563693,0.0458,0.07111249126620604,0.5125258131280035,-0.27980258959580867,0.2423,458,2423,7577,9542,2881,0.030044638426776595
final_csecic_lr_forensic_20260910T235954Z,44,Bwd Pkt Len Std,20000,0.5,0.050385038503850385,0.0458,0.04798323729701414,0.5229,-0.820805610753967,0.8632,458,8632,1368,9542,9090,0.55816794831668
final_csecic_lr_forensic_20260910T235954Z,44,Flow Byts/s,20000,0.5,0.49929894842263395,0.9971,0.6653987320653987,0.971517474375747,-0.036174985985944645,0.9999,9971,9999,1,29,19970,-0.7909078775038783
final_csecic_lr_forensic_20260910T235954Z,44,Flow Pkts/s,20000,0.5,0.436270364733074,0.7739,0.5579869497818956,0.30986540843418564,-0.3570143842114096,1.0,7739,10000,0,2261,17739,-0.1438351714918306
final_csecic_lr_forensic_20260910T235954Z,44,Flow IAT Mean,20000,0.5,0.11827956989247312,0.0022,0.004319654427645789,0.309897411648975,-0.07396832647435016,0.0164,22,164,9836,9978,186,0.4126491328747963
final_csecic_lr_forensic_20260910T235954Z,44,Flow IAT Std,20000,0.5,0.11956521739130435,0.0022,0.00432050274941084,0.4367305061817234,-0.07331808741635137,0.0162,22,162,9838,9978,184,1.113890839067281
final_csecic_lr_forensic_20260910T235954Z,44,Flow IAT Max,20000,0.5,0.11764705882352941,0.0022,0.004319230391675665,0.3099815515572462,-0.07429166888445324,0.0165,22,165,9835,9978,187,0.6136203044820141
final_csecic_lr_forensic_20260910T235954Z,44,Flow IAT Min,20000,0.5,0.0,0.0,0.0,0.8734277163739579,-0.010000500037503125,0.0002,0,2,9998,10000,2,0.10734579371250971
final_csecic_lr_forensic_20260910T235954Z,44,Fwd IAT Tot,20000,0.5,0.11764705882352941,0.0022,0.004319230391675665,0.315119357256057,-0.07429166888445324,0.0165,22,165,9835,9978,187,0.2602646244140405
final_csecic_lr_forensic_20260910T235954Z,44,Fwd IAT Mean,20000,0.5,0.11827956989247312,0.0022,0.004319654427645789,0.3163349882867225,-0.07396832647435016,0.0164,22,164,9836,9978,186,0.5629391911244822
final_csecic_lr_forensic_20260910T235954Z,44,Fwd IAT Std,20000,0.5,0.01903276131045242,0.0183,0.018659189395870506,0.437219585980178,-0.9255862294795352,0.9432,183,9432,568,9817,9615,0.2490246537837954
final_csecic_lr_forensic_20260910T235954Z,44,Fwd IAT Max,20000,0.5,0.11764705882352941,0.0022,0.004319230391675665,0.3151241128605424,-0.07429166888445324,0.0165,22,165,9835,9978,187,0.5670992529164217
final_csecic_lr_forensic_20260910T235954Z,44,Fwd IAT Min,20000,0.5,0.0,0.0,0.0,0.7905077661075468,-0.010000500037503125,0.0002,0,2,9998,10000,2,0.49909809349323836
final_csecic_lr_forensic_20260910T235954Z,44,Bwd IAT Tot,20000,0.5,0.0893854748603352,0.0016,0.0031437272816583163,0.48242958710098993,-0.07804193672215476,0.0163,16,163,9837,9984,179,0.27488231762972287
final_csecic_lr_forensic_20260910T235954Z,44,Bwd IAT Mean,20000,0.5,0.0898876404494382,0.0016,0.003144036156415799,0.4810436248802546,-0.07772650120418555,0.0162,16,162,9838,9984,178,1.877196119579203
final_csecic_lr_forensic_20260910T235954Z,44,Bwd IAT Std,20000,0.5,0.22338204592901878,0.0107,0.020421795972898178,0.4814491768152664,-0.0866616765292757,0.0372,107,372,9628,9893,479,0.8669771737756269
final_csecic_lr_forensic_20260910T235954Z,44,Bwd IAT Max,20000,0.5,0.0893854748603352,0.0016,0.0031437272816583163,0.48232124710930463,-0.07804193672215476,0.0163,16,163,9837,9984,179,0.7162760330500595
final_csecic_lr_forensic_20260910T235954Z,44,Bwd IAT Min,20000,0.5,0.0,0.0,0.0,0.47816313327284293,0.0,0.0,0,0,10000,10000,0,1.369802313237999
final_csecic_lr_forensic_20260910T235954Z,44,Fwd PSH Flags,20000,0.5,0.0,0.0,0.0,0.5,-0.010000500037503125,0.0002,0,2,9998,10000,2,0.07524980281984654
final_csecic_lr_forensic_20260910T235954Z,44,Bwd PSH Flags,20000,0.5,0.0,0.0,0.0,0.5,0.0,0.0,0,0,10000,10000,0,0.0
final_csecic_lr_forensic_20260910T235954Z,44,Fwd URG Flags,20000,0.5,0.0,0.0,0.0,0.5,0.0,0.0,0,0,10000,10000,0,0.0
final_csecic_lr_forensic_20260910T235954Z,44,Bwd URG Flags,20000,0.5,0.0,0.0,0.0,0.5,0.0,0.0,0,0,10000,10000,0,0.0
final_csecic_lr_forensic_20260910T235954Z,44,Fwd Header Len,20000,0.5,0.02007317314347869,0.0203,0.020185949385969272,0.40392294074983304,-0.9707619802772594,0.991,203,9910,90,9797,10113,0.7804997633975991
final_csecic_lr_forensic_20260910T235954Z,44,Bwd Header Len,20000,0.5,0.9926141683137418,0.9542,0.9730280936113802,0.9736128436235074,0.9478100287513356,0.0071,9542,71,9929,458,9613,-0.3836513461856898
final_csecic_lr_forensic_20260910T235954Z,44,Fwd Pkts/s,20000,0.5,0.4356340651278289,0.7719,0.5569464987914426,0.31055542508255585,-0.35879223757537204,1.0,7719,10000,0,2281,17719,-0.24646584428327944
final_csecic_lr_forensic_20260910T235954Z,44,Bwd Pkts/s,20000,0.5,1.0,0.2238,0.36574603693413954,0.6298494986787513,0.3549638353415815,0.0,2238,0,10000,7762,2238,0.10696272354128936
final_csecic_lr_forensic_20260910T235954Z,44,Pkt Len Min,20000,0.5,0.5000250012500626,1.0,0.6666888896296543,0.5000250012500626,0.007071244595190174,0.9999,10000,9999,1,0,19999,-3.8135544592073702
final_csecic_lr_forensic_20260910T235954Z,44,Pkt Len Max,20000,0.5,0.044174382716049385,0.0458,0.044972505891594655,0.4791233818848269,-0.9458406646077134,0.991,458,9910,90,9542,10368,0.32000882642161327
final_csecic_lr_forensic_20260910T235954Z,44,Pkt Len Mean,20000,0.5,0.044174382716049385,0.0458,0.044972505891594655,0.4821110207970543,-0.9458406646077134,0.991,458,9910,90,9542,10368,0.1042595075851868
final_csecic_lr_forensic_20260910T235954Z,44,Pkt Len Std,20000,0.5,0.044178643773512105,0.0458,0.044974713998134234,0.5036584868620282,-0.9457371165362047,0.9909,458,9909,91,9542,10367,0.4348686048433043
final_csecic_lr_forensic_20260910T235954Z,44,Pkt Len Var,20000,0.5,0.044178643773512105,0.0458,0.044974713998134234,0.5036584868620282,-0.9457371165362047,0.9909,458,9909,91,9542,10367,0.19381769841739988
final_csecic_lr_forensic_20260910T235954Z,44,FIN Flag Cnt,20000,0.5,0.4994744481705791,0.9979,0.6657326795423463,0.4994755518294209,-0.032420728845011855,1.0,9979,10000,0,21,19979,-0.07855679947625877
final_csecic_lr_forensic_20260910T235954Z,44,SYN Flag Cnt,20000,0.5,0.0,0.0,0.0,0.5,-0.010000500037503125,0.0002,0,2,9998,10000,2,0.07524980281984654
final_csecic_lr_forensic_20260910T235954Z,44,RST Flag Cnt,20000,0.5,0.5,1.0,0.6666666666666666,0.5,0.0,1.0,10000,10000,0,0,20000,-1.2677560909058694
final_csecic_lr_forensic_20260910T235954Z,44,PSH Flag Cnt,20000,0.5,0.9992009588493808,0.2501,0.40006398464368553,0.6248501598082301,0.37761917180793636,0.0002,2501,2,9998,7499,2503,0.6134245090540649
final_csecic_lr_forensic_20260910T235954Z,44,ACK Flag Cnt,20000,0.5,0.4279745893664511,0.7478,0.5443890365085721,0.44613939792823215,-0.37878856171649605,0.9995,7478,9995,5,2522,17473,0.14153619600184636
final_csecic_lr_forensic_20260910T235954Z,44,URG Flag Cnt,20000,0.5,0.5048782992708226,0.9832,0.6671642803827101,0.5047963438430728,0.059365365504701874,0.9642,9832,9642,358,168,19474,-0.6022363002065998
final_csecic_lr_forensic_20260910T235954Z,44,CWE Flag Count,20000,0.5,0.0,0.0,0.0,0.5,0.0,0.0,0,0,10000,10000,0,0.0
final_csecic_lr_forensic_20260910T235954Z,44,ECE Flag Cnt,20000,0.5,0.5,1.0,0.6666666666666666,0.5,0.0,1.0,10000,10000,0,0,20000,-1.2677560909058694
final_csecic_lr_forensic_20260910T235954Z,44,Down/Up Ratio,20000,0.5,0.443556685430664,0.7328,0.5526186795369707,0.45900675221971493,-0.24599906485403764,0.9193,7328,9193,807,2672,16521,-0.414080689369671
final_csecic_lr_forensic_20260910T235954Z,44,Pkt Size Avg,20000,0.5,0.044174382716049385,0.0458,0.044972505891594655,0.4833012946782726,-0.9458406646077134,0.991,458,9910,90,9542,10368,0.07474625965532286
final_csecic_lr_forensic_20260910T235954Z,44,Fwd Seg Size Avg,20000,0.5,0.043893497974146246,0.0455,0.04468231366002161,0.4781842040606952,-0.9462339809808213,0.9911,455,9911,89,9545,10366,0.5566610795942153
final_csecic_lr_forensic_20260910T235954Z,44,Bwd Seg Size Avg,20000,0.5,0.15897257896563693,0.0458,0.07111249126620604,0.5125258131280035,-0.27980258959580867,0.2423,458,2423,7577,9542,2881,0.030044638426776595
final_csecic_lr_forensic_20260910T235954Z,44,Fwd Byts/b Avg,20000,0.5,0.0,0.0,0.0,0.5,0.0,0.0,0,0,10000,10000,0,0.0
final_csecic_lr_forensic_20260910T235954Z,44,Fwd Pkts/b Avg,20000,0.5,0.0,0.0,0.0,0.5,0.0,0.0,0,0,10000,10000,0,0.0
final_csecic_lr_forensic_20260910T235954Z,44,Fwd Blk Rate Avg,20000,0.5,0.0,0.0,0.0,0.5,0.0,0.0,0,0,10000,10000,0,0.0
final_csecic_lr_forensic_20260910T235954Z,44,Bwd Byts/b Avg,20000,0.5,0.0,0.0,0.0,0.5,0.0,0.0,0,0,10000,10000,0,0.0
final_csecic_lr_forensic_20260910T235954Z,44,Bwd Pkts/b Avg,20000,0.5,0.0,0.0,0.0,0.5,0.0,0.0,0,0,10000,10000,0,0.0
final_csecic_lr_forensic_20260910T235954Z,44,Bwd Blk Rate Avg,20000,0.5,0.0,0.0,0.0,0.5,0.0,0.0,0,0,10000,10000,0,0.0
final_csecic_lr_forensic_20260910T235954Z,44,Subflow Fwd Pkts,20000,0.5,0.9535710852638662,0.992,0.9724060187227368,0.9824771328319739,0.9444672615694709,0.0483,9920,483,9517,80,10403,-0.0651225066359424
final_csecic_lr_forensic_20260910T235954Z,44,Subflow Fwd Byts,20000,0.5,0.0050200803212851405,0.005,0.00501002004008016,0.4785928808695751,-0.9860078880946572,0.991,50,9910,90,9950,9960,0.3551894370680111
final_csecic_lr_forensic_20260910T235954Z,44,Subflow Bwd Pkts,20000,0.5,0.9926141683137418,0.9542,0.9730280936113802,0.9733058058018831,0.9478100287513356,0.0071,9542,71,9929,458,9613,-3.0306919398223684
final_csecic_lr_forensic_20260910T235954Z,44,Subflow Bwd Byts,20000,0.5,0.5018935409215233,0.9542,0.6577967737487936,0.9685123897765636,0.016612696131953392,0.947,9542,9470,530,458,19012,-7.50790159055424
final_csecic_lr_forensic_20260910T235954Z,44,Init Fwd Win Byts,20000,0.5,0.9992009588493808,0.2501,0.40006398464368553,0.7835149904691696,0.37761917180793636,0.0002,2501,2,9998,7499,2503,1.2251323820738456
final_csecic_lr_forensic_20260910T235954Z,44,Init Bwd Win Byts,20000,0.5,0.5,1.0,0.6666666666666666,0.9732802026260718,0.0,1.0,10000,10000,0,0,20000,-1.3760245286362478
final_csecic_lr_forensic_20260910T235954Z,44,Fwd Act Data Pkts,20000,0.5,0.49927365626408854,0.9967,0.6652871875312886,0.9681530249325191,-0.033743041998619945,0.9996,9967,9996,4,33,19963,-0.051908234187635315
final_csecic_lr_forensic_20260910T235954Z,44,Fwd Seg Size Min,20000,0.5,0.5002506516944054,0.9979,0.6664217977828235,0.6120941870002677,0.009818579217394522,0.9969,9979,9969,31,21,19948,6.096869065578597
final_csecic_lr_forensic_20260910T235954Z,44,Active Mean,20000,0.5,0.0,0.0,0.0,0.49918213815881335,-0.007071244595190174,0.0001,0,1,9999,10000,1,0.5674615853724045
final_csecic_lr_forensic_20260910T235954Z,44,Active Std,20000,0.5,0.0,0.0,0.0,0.5,-0.007071244595190174,0.0001,0,1,9999,10000,1,0.4599776818265848
final_csecic_lr_forensic_20260910T235954Z,44,Active Max,20000,0.5,0.0,0.0,0.0,0.49918213815881335,-0.007071244595190174,0.0001,0,1,9999,10000,1,0.4771609114119445
final_csecic_lr_forensic_20260910T235954Z,44,Active Min,20000,0.5,0.0,0.0,0.0,0.49918213815881335,-0.007071244595190174,0.0001,0,1,9999,10000,1,0.5673300265231349
final_csecic_lr_forensic_20260910T235954Z,44,Idle Mean,20000,0.5,0.11764705882352941,0.0022,0.004319230391675665,0.49888451155375907,-0.07429166888445324,0.0165,22,165,9835,9978,187,0.6498488828326052
final_csecic_lr_forensic_20260910T235954Z,44,Idle Std,20000,0.5,0.0,0.0,0.0,0.5,-0.007071244595190174,0.0001,0,1,9999,10000,1,0.549728764735589
final_csecic_lr_forensic_20260910T235954Z,44,Idle Max,20000,0.5,0.11764705882352941,0.0022,0.004319230391675665,0.49888451155375907,-0.07429166888445324,0.0165,22,165,9835,9978,187,0.7284470104452845
final_csecic_lr_forensic_20260910T235954Z,44,Idle Min,20000,0.5,0.11827956989247312,0.0022,0.004319654427645789,0.4988845302757778,-0.07396832647435016,0.0164,22,164,9836,9978,186,0.5321631013874808
final_csecic_lr_forensic_20260910T235954Z,45,Dst Port,20000,0.5,0.9994003597841296,1.0,0.9997000899730081,0.9990376364954314,0.9994001798920487,0.0006,10000,6,9994,0,10006,-22.30745836446019
final_csecic_lr_forensic_20260910T235954Z,45,Protocol,20000,0.5,0.5,1.0,0.6666666666666666,0.5,0.0,1.0,10000,10000,0,0,20000,-1.4780523496048057
final_csecic_lr_forensic_20260910T235954Z,45,Flow Duration,20000,0.5,0.12556053811659193,0.0028,0.0054778440770810915,0.3102236033593369,-0.0795213662177798,0.0195,28,195,9805,9972,223,0.2840921596616325
final_csecic_lr_forensic_20260910T235954Z,45,Tot Fwd Pkts,20000,0.5,0.9507426928605655,0.9921,0.970981159774896,0.9821549369499787,0.9415912848875193,0.0514,9921,514,9486,79,10435,-0.03815439889960747
final_csecic_lr_forensic_20260910T235954Z,45,Tot Bwd Pkts,20000,0.5,0.9914981855883878,0.9563,0.97358106388394,0.9723459295196111,0.9486979867815273,0.0082,9563,82,9918,437,9645,-4.176090153807136
final_csecic_lr_forensic_20260910T235954Z,45,TotLen Fwd Pkts,20000,0.5,0.004325085495876081,0.0043,0.004312506268177715,0.4794777954554419,-0.9856165782102694,0.9899,43,9899,101,9957,9942,0.3308039943596625
final_csecic_lr_forensic_20260910T235954Z,45,TotLen Bwd Pkts,20000,0.5,0.49919089627812285,0.9563,0.6559659772953321,0.9682627586925714,-0.007714080327440119,0.9594,9563,9594,406,437,19157,-8.672033292485837
final_csecic_lr_forensic_20260910T235954Z,45,Fwd Pkt Len Max,20000,0.5,0.042279411764705885,0.0437,0.04297797010228167,0.4790991572528545,-0.9467345636443361,0.9899,437,9899,101,9563,10336,0.43225717099234373
final_csecic_lr_forensic_20260910T235954Z,45,Fwd Pkt Len Min,20000,0.5,0.5,1.0,0.6666666666666666,0.5,0.0,1.0,10000,10000,0,0,20000,-1.5458588248044611
final_csecic_lr_forensic_20260910T235954Z,45,Fwd Pkt Len Mean,20000,0.5,0.04200135488241556,0.0434,0.04268922441351498,0.4790941076352936,-0.9470252190404931,0.9899,434,9899,101,9566,10333,0.5391150780659821
final_csecic_lr_forensic_20260910T235954Z,45,Fwd Pkt Len Std,20000,0.5,0.042279411764705885,0.0437,0.04297797010228167,0.47909258847602654,-0.9467345636443361,0.9899,437,9899,101,9563,10336,0.7719142045895598
final_csecic_lr_forensic_20260910T235954Z,45,Bwd Pkt Len Max,20000,0.5,0.3504410585404972,0.0437,0.07770961145194274,0.5217502283105023,-0.07713300091981258,0.081,437,810,9190,9563,1247,0.25273593495202024
final_csecic_lr_forensic_20260910T235954Z,45,Bwd Pkt Len Min,20000,0.5,0.5,1.0,0.6666666666666666,0.5,0.0,1.0,10000,10000,0,0,20000,-4.8740107233832966
final_csecic_lr_forensic_20260910T235954Z,45,Bwd Pkt Len Mean,20000,0.5,0.14389199868291078,0.0437,0.06703996318171358,0.5118109885194573,-0.3013580468260735,0.26,437,2600,7400,9563,3037,0.034288291569270574
final_csecic_lr_forensic_20260910T235954Z,45,Bwd Pkt Len Std,20000,0.5,0.048707088720463664,0.0437,0.04606788952139996,0.52185,-0.814113134064625,0.8535,437,8535,1465,9563,8972,0.5465560275133244
final_csecic_lr_forensic_20260910T235954Z,45,Flow Byts/s,20000,0.5,0.499799899949975,0.9991,0.6662887629209736,0.9723664338701524,-0.01789301763370338,0.9999,9991,9999,1,9,19990,-0.46509995749643307
final_csecic_lr_forensic_20260910T235954Z,45,Flow Pkts/s,20000,0.5,0.4352761775669265,0.7707,0.5563415866599293,0.309988989243801,-0.3596314603668853,0.9999,7707,9999,1,2293,17706,-0.17291284316806593
final_csecic_lr_forensic_20260910T235954Z,45,Flow IAT Mean,20000,0.5,0.12556053811659193,0.0028,0.0054778440770810915,0.31002052020303883,-0.0795213662177798,0.0195,28,195,9805,9972,223,0.36335348548863233
final_csecic_lr_forensic_20260910T235954Z,45,Flow IAT Std,20000,0.5,0.12844036697247707,0.0028,0.00548052456449403,0.43827133519367645,-0.0780102498718801,0.019,28,190,9810,9972,218,1.0662308645112917
final_csecic_lr_forensic_20260910T235954Z,45,Flow IAT Max,20000,0.5,0.12556053811659193,0.0028,0.0054778440770810915,0.31031095044313023,-0.0795213662177798,0.0195,28,195,9805,9972,223,0.5784192542054968
final_csecic_lr_forensic_20260910T235954Z,45,Flow IAT Min,20000,0.5,0.0,0.0,0.0,0.8690674261649213,-0.015813365095036138,0.0005,0,5,9995,10000,5,0.0665009401494017
final_csecic_lr_forensic_20260910T235954Z,45,Fwd IAT Tot,20000,0.5,0.12556053811659193,0.0028,0.0054778440770810915,0.31542451943330674,-0.0795213662177798,0.0195,28,195,9805,9972,223,0.24419245288851754
final_csecic_lr_forensic_20260910T235954Z,45,Fwd IAT Mean,20000,0.5,0.12556053811659193,0.0028,0.0054778440770810915,0.31670074868676723,-0.0795213662177798,0.0195,28,195,9805,9972,223,0.5174469619004516
final_csecic_lr_forensic_20260910T235954Z,45,Fwd IAT Std,20000,0.5,0.020299812617114305,0.0195,0.01989186983576456,0.43886204847617966,-0.9223161614011821,0.9411,195,9411,589,9805,9606,0.23638374886124694
final_csecic_lr_forensic_20260910T235954Z,45,Fwd IAT Max,20000,0.5,0.12556053811659193,0.0028,0.0054778440770810915,0.3154571943648271,-0.0795213662177798,0.0195,28,195,9805,9972,223,0.5350644017506133
final_csecic_lr_forensic_20260910T235954Z,45,Fwd IAT Min,20000,0.5,0.0,0.0,0.0,0.7852182810665342,-0.015813365095036138,0.0005,0,5,9995,10000,5,0.463309381005228
final_csecic_lr_forensic_20260910T235954Z,45,Bwd IAT Tot,20000,0.5,0.10377358490566038,0.0022,0.004308656482569526,0.48377347537910004,-0.08202389726564413,0.019,22,190,9810,9978,212,0.26882737821698816
final_csecic_lr_forensic_20260910T235954Z,45,Bwd IAT Mean,20000,0.5,0.10377358490566038,0.0022,0.004308656482569526,0.4822422087943845,-0.08202389726564413,0.019,22,190,9810,9978,212,1.7549417980879718
final_csecic_lr_forensic_20260910T235954Z,45,Bwd IAT Std,20000,0.5,0.24855491329479767,0.0129,0.024527046297176537,0.4826189147106954,-0.08208261905114847,0.039,129,390,9610,9871,519,0.837141860135914
final_csecic_lr_forensic_20260910T235954Z,45,Bwd IAT Max,20000,0.5,0.10377358490566038,0.0022,0.004308656482569526,0.483728102058042,-0.08202389726564413,0.019,22,190,9810,9978,212,0.70191334862566
final_csecic_lr_forensic_20260910T235954Z,45,Bwd IAT Min,20000,0.5,0.0,0.0,0.0,0.47912616318853035,0.0,0.0,0,0,10000,10000,0,1.2967741067577112
final_csecic_lr_forensic_20260910T235954Z,45,Fwd PSH Flags,20000,0.5,0.0,0.0,0.0,0.5,-0.007071244595190174,0.0001,0,1,9999,10000,1,0.07444609301309073
final_csecic_lr_forensic_20260910T235954Z,45,Bwd PSH Flags,20000,0.5,0.0,0.0,0.0,0.5,0.0,0.0,0,0,10000,10000,0,0.0
final_csecic_lr_forensic_20260910T235954Z,45,Fwd URG Flags,20000,0.5,0.0,0.0,0.0,0.5,0.0,0.0,0,0,10000,10000,0,0.0
final_csecic_lr_forensic_20260910T235954Z,45,Bwd URG Flags,20000,0.5,0.0,0.0,0.0,0.5,0.0,0.0,0,0,10000,10000,0,0.0
final_csecic_lr_forensic_20260910T235954Z,45,Fwd Header Len,20000,0.5,0.021259764659349353,0.0215,0.021379207477750708,0.4047975944496211,-0.9683618270345835,0.9898,215,9898,102,9785,10113,0.7535782707695625
final_csecic_lr_forensic_20260910T235954Z,45,Bwd Header Len,20000,0.5,0.9914981855883878,0.9563,0.97358106388394,0.972637859059267,0.9486979867815273,0.0082,9563,82,9918,437,9645,-0.5523338903548509
final_csecic_lr_forensic_20260910T235954Z,45,Fwd Pkts/s,20000,0.5,0.4343497199751089,0.7678,0.5548289193192903,0.31089247718106944,-0.36219817239923136,0.9999,7678,9999,1,2322,17677,-0.29120335307353423
final_csecic_lr_forensic_20260910T235954Z,45,Bwd Pkts/s,20000,0.5,1.0,0.2271,0.37014098280498736,0.6299189346353877,0.3579039134122849,0.0,2271,0,10000,7729,2271,0.06595939995401078
final_csecic_lr_forensic_20260910T235954Z,45,Pkt Len Min,20000,0.5,0.5,1.0,0.6666666666666666,0.5,0.0,1.0,10000,10000,0,0,20000,-3.8369048708532243
final_csecic_lr_forensic_20260910T235954Z,45,Pkt Len Max,20000,0.5,0.042279411764705885,0.0437,0.04297797010228167,0.47999778906627966,-0.9467345636443361,0.9899,437,9899,101,9563,10336,0.30469453880001973
final_csecic_lr_forensic_20260910T235954Z,45,Pkt Len Mean,20000,0.5,0.042279411764705885,0.0437,0.04297797010228167,0.48215054109572536,-0.9467345636443361,0.9899,437,9899,101,9563,10336,0.11110476285410123
final_csecic_lr_forensic_20260910T235954Z,45,Pkt Len Std,20000,0.5,0.042279411764705885,0.0437,0.04297797010228167,0.5009200813558392,-0.9467345636443361,0.9899,437,9899,101,9563,10336,0.42852031321224776
final_csecic_lr_forensic_20260910T235954Z,45,Pkt Len Var,20000,0.5,0.042279411764705885,0.0437,0.04297797010228167,0.5009200813558392,-0.9467345636443361,0.9899,437,9899,101,9563,10336,0.20112370397000462
final_csecic_lr_forensic_20260910T235954Z,45,FIN Flag Cnt,20000,0.5,0.49944939433376717,0.9978,0.6656881713256388,0.4994506056662329,-0.03318450440289432,1.0,9978,10000,0,22,19978,-0.06751858094059913
final_csecic_lr_forensic_20260910T235954Z,45,SYN Flag Cnt,20000,0.5,0.0,0.0,0.0,0.5,-0.007071244595190174,0.0001,0,1,9999,10000,1,0.07444609301309073
final_csecic_lr_forensic_20260910T235954Z,45,RST Flag Cnt,20000,0.5,0.5,1.0,0.6666666666666666,0.5,0.0,1.0,10000,10000,0,0,20000,-1.2880862471768955
final_csecic_lr_forensic_20260910T235954Z,45,PSH Flag Cnt,20000,0.5,0.9996003197442046,0.2501,0.4000959846424572,0.6249500399680256,0.37783496905763414,0.0001,2501,1,9999,7499,2502,0.6053219062024104
final_csecic_lr_forensic_20260910T235954Z,45,ACK Flag Cnt,20000,0.5,0.4279663442275771,0.7477,0.5443558661861599,0.44614043557895944,-0.3786604258871104,0.9994,7477,9994,6,2523,17471,0.14675624269002227
final_csecic_lr_forensic_20260910T235954Z,45,URG Flag Cnt,20000,0.5,0.5050655695551556,0.9821,0.6670742061470538,0.5049748958601183,0.0599674747387521,0.9624,9821,9624,376,179,19445,-0.5082274115619793
final_csecic_lr_forensic_20260910T235954Z,45,CWE Flag Count,20000,0.5,0.0,0.0,0.0,0.5,0.0,0.0,0,0,10000,10000,0,0.0
final_csecic_lr_forensic_20260910T235954Z,45,ECE Flag Cnt,20000,0.5,0.5,1.0,0.6666666666666666,0.5,0.0,1.0,10000,10000,0,0,20000,-1.2880862471768955
final_csecic_lr_forensic_20260910T235954Z,45,Down/Up Ratio,20000,0.5,0.442769808122995,0.7315,0.5516383243467441,0.45850632020727544,-0.2494285424337722,0.9206,7315,9206,794,2685,16521,-0.38228414192848786
final_csecic_lr_forensic_20260910T235954Z,45,Pkt Size Avg,20000,0.5,0.042279411764705885,0.0437,0.04297797010228167,0.4831806879676019,-0.9467345636443361,0.9899,437,9899,101,9563,10336,0.07875436608092962
final_csecic_lr_forensic_20260910T235954Z,45,Fwd Seg Size Avg,20000,0.5,0.04200135488241556,0.0434,0.04268922441351498,0.4790941076352936,-0.9470252190404931,0.9899,434,9899,101,9566,10333,0.5391150780659821
final_csecic_lr_forensic_20260910T235954Z,45,Bwd Seg Size Avg,20000,0.5,0.14389199868291078,0.0437,0.06703996318171358,0.5118109885194573,-0.3013580468260735,0.26,437,2600,7400,9563,3037,0.034288291569270574
final_csecic_lr_forensic_20260910T235954Z,45,Fwd Byts/b Avg,20000,0.5,0.0,0.0,0.0,0.5,0.0,0.0,0,0,10000,10000,0,0.0
final_csecic_lr_forensic_20260910T235954Z,45,Fwd Pkts/b Avg,20000,0.5,0.0,0.0,0.0,0.5,0.0,0.0,0,0,10000,10000,0,0.0
final_csecic_lr_forensic_20260910T235954Z,45,Fwd Blk Rate Avg,20000,0.5,0.0,0.0,0.0,0.5,0.0,0.0,0,0,10000,10000,0,0.0
final_csecic_lr_forensic_20260910T235954Z,45,Bwd Byts/b Avg,20000,0.5,0.0,0.0,0.0,0.5,0.0,0.0,0,0,10000,10000,0,0.0
final_csecic_lr_forensic_20260910T235954Z,45,Bwd Pkts/b Avg,20000,0.5,0.0,0.0,0.0,0.5,0.0,0.0,0,0,10000,10000,0,0.0
final_csecic_lr_forensic_20260910T235954Z,45,Bwd Blk Rate Avg,20000,0.5,0.0,0.0,0.0,0.5,0.0,0.0,0,0,10000,10000,0,0.0
final_csecic_lr_forensic_20260910T235954Z,45,Subflow Fwd Pkts,20000,0.5,0.9507426928605655,0.9921,0.970981159774896,0.9821549369499787,0.9415912848875193,0.0514,9921,514,9486,79,10435,-0.03815439889960747
final_csecic_lr_forensic_20260910T235954Z,45,Subflow Fwd Byts,20000,0.5,0.004325085495876081,0.0043,0.004312506268177715,0.4794777954554419,-0.9856165782102694,0.9899,43,9899,101,9957,9942,0.3308039943596625
final_csecic_lr_forensic_20260910T235954Z,45,Subflow Bwd Pkts,20000,0.5,0.9914981855883878,0.9563,0.97358106388394,0.9723459295196111,0.9486979867815273,0.0082,9563,82,9918,437,9645,-4.176090153807136
final_csecic_lr_forensic_20260910T235954Z,45,Subflow Bwd Byts,20000,0.5,0.49919089627812285,0.9563,0.6559659772953321,0.9682627586925714,-0.007714080327440119,0.9594,9563,9594,406,437,19157,-8.672033292485837
final_csecic_lr_forensic_20260910T235954Z,45,Init Fwd Win Byts,20000,0.5,0.9996003197442046,0.2501,0.4000959846424572,0.7827436272294814,0.37783496905763414,0.0001,2501,1,9999,7499,2502,1.2355459523554373
final_csecic_lr_forensic_20260910T235954Z,45,Init Bwd Win Byts,20000,0.5,0.5,1.0,0.6666666666666666,0.972442640095139,0.0,1.0,10000,10000,0,0,20000,-1.153771492863536
final_csecic_lr_forensic_20260910T235954Z,45,Fwd Act Data Pkts,20000,0.5,0.4993240198287517,0.9972,0.6654432618197591,0.9681277240702825,-0.03547846809244318,0.9999,9972,9999,1,28,19971,-0.061652241235486405
final_csecic_lr_forensic_20260910T235954Z,45,Fwd Seg Size Min,20000,0.5,0.5002005213555244,0.9978,0.6663550153599572,0.6137048168774699,0.007854863373915617,0.997,9978,9970,30,22,19948,6.088350112603065
final_csecic_lr_forensic_20260910T235954Z,45,Active Mean,20000,0.5,0.0,0.0,0.0,0.49894841636133325,-0.007071244595190174,0.0001,0,1,9999,10000,1,0.5657997628333696
final_csecic_lr_forensic_20260910T235954Z,45,Active Std,20000,0.5,0.0,0.0,0.0,0.5,0.0,0.0,0,0,10000,10000,0,0.4879636720229434
final_csecic_lr_forensic_20260910T235954Z,45,Active Max,20000,0.5,0.0,0.0,0.0,0.49894841636133325,-0.007071244595190174,0.0001,0,1,9999,10000,1,0.4912388623904225
final_csecic_lr_forensic_20260910T235954Z,45,Active Min,20000,0.5,0.0,0.0,0.0,0.49894841636133325,-0.007071244595190174,0.0001,0,1,9999,10000,1,0.5721810713872353
final_csecic_lr_forensic_20260910T235954Z,45,Idle Mean,20000,0.5,0.12556053811659193,0.0028,0.0054778440770810915,0.4985890875363012,-0.0795213662177798,0.0195,28,195,9805,9972,223,0.6167163322634117
final_csecic_lr_forensic_20260910T235954Z,45,Idle Std,20000,0.5,0.0,0.0,0.0,0.5,0.0,0.0,0,0,10000,10000,0,0.5160846843230373
final_csecic_lr_forensic_20260910T235954Z,45,Idle Max,20000,0.5,0.12556053811659193,0.0028,0.0054778440770810915,0.4985890875363012,-0.0795213662177798,0.0195,28,195,9805,9972,223,0.6946233081846391
final_csecic_lr_forensic_20260910T235954Z,45,Idle Min,20000,0.5,0.12556053811659193,0.0028,0.0054778440770810915,0.4985890875363012,-0.0795213662177798,0.0195,28,195,9805,9972,223,0.5104443480604278
final_csecic_lr_forensic_20260910T235954Z,46,Dst Port,20000,0.5,0.9994003597841296,1.0,0.9997000899730081,0.999235977235625,0.9994001798920487,0.0006,10000,6,9994,0,10006,-21.63397728677158
final_csecic_lr_forensic_20260910T235954Z,46,Protocol,20000,0.5,0.5,1.0,0.6666666666666666,0.5,0.0,1.0,10000,10000,0,0,20000,-1.5387952116504429
final_csecic_lr_forensic_20260910T235954Z,46,Flow Duration,20000,0.5,0.12149532710280374,0.0026,0.005091051497943999,0.3099765775893143,-0.07872798308649769,0.0188,26,188,9812,9974,214,0.2888961139450835
final_csecic_lr_forensic_20260910T235954Z,46,Tot Fwd Pkts,20000,0.5,0.9510442613527496,0.9927,0.9714257755161954,0.9822404782015967,0.9425045031865789,0.0511,9927,511,9489,73,10438,-0.029300355647962788
final_csecic_lr_forensic_20260910T235954Z,46,Tot Bwd Pkts,20000,0.5,0.9924297417816033,0.957,0.9743929135060836,0.974985696205515,0.9503057706745375,0.0073,9570,73,9927,430,9643,-1.4397085532840315
final_csecic_lr_forensic_20260910T235954Z,46,TotLen Fwd Pkts,20000,0.5,0.003920780134713984,0.0039,0.003910362460520379,0.4795829527280535,-0.9869138613025237,0.9908,39,9908,92,9961,9947,0.27158399496922314
final_csecic_lr_forensic_20260910T235954Z,46,TotLen Bwd Pkts,20000,0.5,0.5086096938775511,0.957,0.6642143253747917,0.9695187498836098,0.06864446219281466,0.9246,9570,9246,754,430,18816,-4.477789237395713
final_csecic_lr_forensic_20260910T235954Z,46,Fwd Pkt Len Max,20000,0.5,0.04159411878506481,0.043,0.042285377126561115,0.47941751290085144,-0.9483418666478268,0.9908,430,9908,92,9570,10338,0.441166135250358
final_csecic_lr_forensic_20260910T235954Z,46,Fwd Pkt Len Min,20000,0.5,0.5000250012500626,1.0,0.6666888896296543,0.5000250012500626,0.007071244595190174,0.9999,10000,9999,1,0,19999,-1.7087530328689597
final_csecic_lr_forensic_20260910T235954Z,46,Fwd Pkt Len Mean,20000,0.5,0.04103755323267518,0.0424,0.04170765296084989,0.47941374689212174,-0.9489231146962008,0.9908,424,9908,92,9576,10332,0.555757122650617
final_csecic_lr_forensic_20260910T235954Z,46,Fwd Pkt Len Std,20000,0.5,0.04159814259456322,0.043,0.04228745636032846,0.4794123140479606,-0.9482386055166171,0.9907,430,9907,93,9570,10337,0.7835849204930756
final_csecic_lr_forensic_20260910T235954Z,46,Bwd Pkt Len Max,20000,0.5,0.3530377668308703,0.043,0.07666250668568372,0.5213009259259259,-0.07484942430840887,0.0788,430,788,9212,9570,1218,0.25884610595204605
final_csecic_lr_forensic_20260910T235954Z,46,Bwd Pkt Len Min,20000,0.5,0.5,1.0,0.6666666666666666,0.5,0.0,1.0,10000,10000,0,0,20000,-4.93159620297778
final_csecic_lr_forensic_20260910T235954Z,46,Bwd Pkt Len Mean,20000,0.5,0.14832700931355638,0.043,0.066671835025971,0.5118144297635605,-0.2895892022995555,0.2469,430,2469,7531,9570,2899,0.031973739672574324
final_csecic_lr_forensic_20260910T235954Z,46,Bwd Pkt Len Std,20000,0.5,0.04766655581421129,0.043,0.04521318542663372,0.5215,-0.8200392578225763,0.8591,430,8591,1409,9570,9021,0.5597295434193235
final_csecic_lr_forensic_20260910T235954Z,46,Flow Byts/s,20000,0.5,0.4995745958660728,0.9982,0.6658883959841233,0.973259241091192,-0.027590750312689035,0.9999,9982,9999,1,18,19981,-1.011773290996196
final_csecic_lr_forensic_20260910T235954Z,46,Flow Pkts/s,20000,0.5,0.4357150919968394,0.772,0.5570387473843712,0.3098540749363594,-0.35825194013821576,0.9998,7720,9998,2,2280,17718,-0.17284293236905596
final_csecic_lr_forensic_20260910T235954Z,46,Flow IAT Mean,20000,0.5,0.12206572769953052,0.0026,0.005091549985312836,0.3098938824237218,-0.0784234777336794,0.0187,26,187,9813,9974,213,0.3897305066270875
final_csecic_lr_forensic_20260910T235954Z,46,Flow IAT Std,20000,0.5,0.12380952380952381,0.0026,0.0050930460333006855,0.437419185439788,-0.0775040759091162,0.0184,26,184,9816,9974,210,1.1301841677418312
final_csecic_lr_forensic_20260910T235954Z,46,Flow IAT Max,20000,0.5,0.12149532710280374,0.0026,0.005091051497943999,0.31000167170454274,-0.07872798308649769,0.0188,26,188,9812,9974,214,0.5988908558060416
final_csecic_lr_forensic_20260910T235954Z,46,Flow IAT Min,20000,0.5,0.0,0.0,0.0,0.8720079209322545,-0.0122483673759202,0.0003,0,3,9997,10000,3,0.08468237112591225
final_csecic_lr_forensic_20260910T235954Z,46,Fwd IAT Tot,20000,0.5,0.12149532710280374,0.0026,0.005091051497943999,0.31528607794361174,-0.07872798308649769,0.0188,26,188,9812,9974,214,0.25111651516765754
final_csecic_lr_forensic_20260910T235954Z,46,Fwd IAT Mean,20000,0.5,0.12206572769953052,0.0026,0.005091549985312836,0.31633253275206186,-0.0784234777336794,0.0187,26,187,9813,9974,213,0.5483135539890843
final_csecic_lr_forensic_20260910T235954Z,46,Fwd IAT Std,20000,0.5,0.018269634607307853,0.0174,0.01782421634910879,0.4378652831329213,-0.9186413005252935,0.935,174,9350,650,9826,9524,0.26572831358354115
final_csecic_lr_forensic_20260910T235954Z,46,Fwd IAT Max,20000,0.5,0.12093023255813953,0.0026,0.005090553108174254,0.3152583971347806,-0.07903152225878379,0.0189,26,189,9811,9974,215,0.5586047344303297
final_csecic_lr_forensic_20260910T235954Z,46,Fwd IAT Min,20000,0.5,0.0,0.0,0.0,0.7875988387218907,-0.0122483673759202,0.0003,0,3,9997,10000,3,0.4791874936220188
final_csecic_lr_forensic_20260910T235954Z,46,Bwd IAT Tot,20000,0.5,0.10628019323671498,0.0022,0.004310767120603507,0.48312553959929205,-0.08052794553988571,0.0185,22,185,9815,9978,207,0.266120377410439
final_csecic_lr_forensic_20260910T235954Z,46,Bwd IAT Mean,20000,0.5,0.10679611650485436,0.0022,0.004311189496374682,0.481943310340293,-0.08022590434907051,0.0184,22,184,9816,9978,206,2.0665551591924216
final_csecic_lr_forensic_20260910T235954Z,46,Bwd IAT Std,20000,0.5,0.139186295503212,0.0065,0.012419986624629788,0.4823115924938338,-0.11158016147090254,0.0402,65,402,9598,9935,467,0.8450374563766901
final_csecic_lr_forensic_20260910T235954Z,46,Bwd IAT Max,20000,0.5,0.10628019323671498,0.0022,0.004310767120603507,0.48314421191815915,-0.08052794553988571,0.0185,22,185,9815,9978,207,0.7027178723072286
final_csecic_lr_forensic_20260910T235954Z,46,Bwd IAT Min,20000,0.5,0.0,0.0,0.0,0.47943915325803776,0.0,0.0,0,0,10000,10000,0,1.4482110703140352
final_csecic_lr_forensic_20260910T235954Z,46,Fwd PSH Flags,20000,0.5,0.0,0.0,0.0,0.5,-0.0122483673759202,0.0003,0,3,9997,10000,3,0.0867876457468848
final_csecic_lr_forensic_20260910T235954Z,46,Bwd PSH Flags,20000,0.5,0.0,0.0,0.0,0.5,0.0,0.0,0,0,10000,10000,0,0.0
final_csecic_lr_forensic_20260910T235954Z,46,Fwd URG Flags,20000,0.5,0.0,0.0,0.0,0.5,0.0,0.0,0,0,10000,10000,0,0.0
final_csecic_lr_forensic_20260910T235954Z,46,Bwd URG Flags,20000,0.5,0.0,0.0,0.0,0.5,0.0,0.0,0,0,10000,10000,0,0.0
final_csecic_lr_forensic_20260910T235954Z,46,Fwd Header Len,20000,0.5,0.019305019305019305,0.0195,0.01940201980000995,0.4042270780976177,-0.9711495347453117,0.9906,195,9906,94,9805,10101,0.6550208286897686
final_csecic_lr_forensic_20260910T235954Z,46,Bwd Header Len,20000,0.5,0.9924297417816033,0.957,0.9743929135060836,0.975280851881364,0.9503057706745375,0.0073,9570,73,9927,430,9643,-0.20547526225475501
final_csecic_lr_forensic_20260910T235954Z,46,Fwd Pkts/s,20000,0.5,0.4347580280416101,0.769,0.55547529615718,0.3104720591145346,-0.3609129994178065,0.9998,7690,9998,2,2310,17688,-0.2882920197336012
final_csecic_lr_forensic_20260910T235954Z,46,Bwd Pkts/s,20000,0.5,1.0,0.2255,0.36801305589555283,0.629006935732843,0.35648008381250873,0.0,2255,0,10000,7745,2255,0.08473630182416626
final_csecic_lr_forensic_20260910T235954Z,46,Pkt Len Min,20000,0.5,0.5,1.0,0.6666666666666666,0.5,0.0,1.0,10000,10000,0,0,20000,-3.8834283250668666
final_csecic_lr_forensic_20260910T235954Z,46,Pkt Len Max,20000,0.5,0.04159411878506481,0.043,0.042285377126561115,0.4802888931888545,-0.9483418666478268,0.9908,430,9908,92,9570,10338,0.3132117098898286
final_csecic_lr_forensic_20260910T235954Z,46,Pkt Len Mean,20000,0.5,0.04159814259456322,0.043,0.04228745636032846,0.48267460673855067,-0.9482386055166171,0.9907,430,9907,93,9570,10337,0.11047877127998977
final_csecic_lr_forensic_20260910T235954Z,46,Pkt Len Std,20000,0.5,0.04159814259456322,0.043,0.04228745636032846,0.5022410694697279,-0.9482386055166171,0.9907,430,9907,93,9570,10337,0.435948338168015
final_csecic_lr_forensic_20260910T235954Z,46,Pkt Len Var,20000,0.5,0.04159814259456322,0.043,0.04228745636032846,0.5022410694697279,-0.9482386055166171,0.9907,430,9907,93,9570,10337,0.1997966797643762
final_csecic_lr_forensic_20260910T235954Z,46,FIN Flag Cnt,20000,0.5,0.49939927913496196,0.9976,0.6655991459834534,0.49940072086503806,-0.03466181948594291,1.0,9976,10000,0,24,19976,-0.06627409343932938
final_csecic_lr_forensic_20260910T235954Z,46,SYN Flag Cnt,20000,0.5,0.0,0.0,0.0,0.5,-0.0122483673759202,0.0003,0,3,9997,10000,3,0.0867876457468848
final_csecic_lr_forensic_20260910T235954Z,46,RST Flag Cnt,20000,0.5,0.5,1.0,0.6666666666666666,0.5,0.0,1.0,10000,10000,0,0,20000,-1.2719436653813136
final_csecic_lr_forensic_20260910T235954Z,46,PSH Flag Cnt,20000,0.5,0.9991996798719488,0.2497,0.39955196415713257,0.6246501600640256,0.3772732293309418,0.0002,2497,2,9998,7503,2499,0.6268455305707921
final_csecic_lr_forensic_20260910T235954Z,46,ACK Flag Cnt,20000,0.5,0.42800732516882223,0.7479,0.5444420179078402,0.44615667849376217,-0.3787021737482078,0.9995,7479,9995,5,2521,17474,0.13759763468016326
final_csecic_lr_forensic_20260910T235954Z,46,URG Flag Cnt,20000,0.5,0.506615867785615,0.984,0.6688644937633824,0.5065100139010451,0.07676920826489551,0.9583,9840,9583,417,160,19423,-0.5447282110114884
final_csecic_lr_forensic_20260910T235954Z,46,CWE Flag Count,20000,0.5,0.0,0.0,0.0,0.5,0.0,0.0,0,0,10000,10000,0,0.0
final_csecic_lr_forensic_20260910T235954Z,46,ECE Flag Cnt,20000,0.5,0.5,1.0,0.6666666666666666,0.5,0.0,1.0,10000,10000,0,0,20000,-1.2719436653813136
final_csecic_lr_forensic_20260910T235954Z,46,Down/Up Ratio,20000,0.5,0.4454296993622836,0.7334,0.5542414509729832,0.4603859503291903,-0.23554424653752726,0.9131,7334,9131,869,2666,16465,-0.42962668695094053
final_csecic_lr_forensic_20260910T235954Z,46,Pkt Size Avg,20000,0.5,0.04159814259456322,0.043,0.04228745636032846,0.4837152757642427,-0.9482386055166171,0.9907,430,9907,93,9570,10337,0.0775019674862653
final_csecic_lr_forensic_20260910T235954Z,46,Fwd Seg Size Avg,20000,0.5,0.04103755323267518,0.0424,0.04170765296084989,0.47941374689212174,-0.9489231146962008,0.9908,424,9908,92,9576,10332,0.555757122650617
final_csecic_lr_forensic_20260910T235954Z,46,Bwd Seg Size Avg,20000,0.5,0.14832700931355638,0.043,0.066671835025971,0.5118144297635605,-0.2895892022995555,0.2469,430,2469,7531,9570,2899,0.03197373967257445
final_csecic_lr_forensic_20260910T235954Z,46,Fwd Byts/b Avg,20000,0.5,0.0,0.0,0.0,0.5,0.0,0.0,0,0,10000,10000,0,0.0
final_csecic_lr_forensic_20260910T235954Z,46,Fwd Pkts/b Avg,20000,0.5,0.0,0.0,0.0,0.5,0.0,0.0,0,0,10000,10000,0,0.0
final_csecic_lr_forensic_20260910T235954Z,46,Fwd Blk Rate Avg,20000,0.5,0.0,0.0,0.0,0.5,0.0,0.0,0,0,10000,10000,0,0.0
final_csecic_lr_forensic_20260910T235954Z,46,Bwd Byts/b Avg,20000,0.5,0.0,0.0,0.0,0.5,0.0,0.0,0,0,10000,10000,0,0.0
final_csecic_lr_forensic_20260910T235954Z,46,Bwd Pkts/b Avg,20000,0.5,0.0,0.0,0.0,0.5,0.0,0.0,0,0,10000,10000,0,0.0
final_csecic_lr_forensic_20260910T235954Z,46,Bwd Blk Rate Avg,20000,0.5,0.0,0.0,0.0,0.5,0.0,0.0,0,0,10000,10000,0,0.0
final_csecic_lr_forensic_20260910T235954Z,46,Subflow Fwd Pkts,20000,0.5,0.9510442613527496,0.9927,0.9714257755161954,0.9822404782015967,0.9425045031865789,0.0511,9927,511,9489,73,10438,-0.029300355647962788
final_csecic_lr_forensic_20260910T235954Z,46,Subflow Fwd Byts,20000,0.5,0.003920780134713984,0.0039,0.003910362460520379,0.4795829527280535,-0.9869138613025237,0.9908,39,9908,92,9961,9947,0.27158399496922314
final_csecic_lr_forensic_20260910T235954Z,46,Subflow Bwd Pkts,20000,0.5,0.9924297417816033,0.957,0.9743929135060836,0.974985696205515,0.9503057706745375,0.0073,9570,73,9927,430,9643,-1.4397085532840315
final_csecic_lr_forensic_20260910T235954Z,46,Subflow Bwd Byts,20000,0.5,0.5086096938775511,0.957,0.6642143253747917,0.9695187498836098,0.06864446219281466,0.9246,9570,9246,754,430,18816,-4.477789237395713
final_csecic_lr_forensic_20260910T235954Z,46,Init Fwd Win Byts,20000,0.5,0.9991996798719488,0.2497,0.39955196415713257,0.7798776842485063,0.3772732293309418,0.0002,2497,2,9998,7503,2499,1.2767291967325958
final_csecic_lr_forensic_20260910T235954Z,46,Init Bwd Win Byts,20000,0.5,0.5,1.0,0.6666666666666666,0.975013101959924,0.0,1.0,10000,10000,0,0,20000,-1.1155460247156805
final_csecic_lr_forensic_20260910T235954Z,46,Fwd Act Data Pkts,20000,0.5,0.4996996996996997,0.9984,0.666044029352902,0.9693751809804774,-0.01898315991504998,0.9996,9984,9996,4,16,19980,-0.04030654441397264
final_csecic_lr_forensic_20260910T235954Z,46,Fwd Seg Size Min,20000,0.5,0.49992483086945627,0.9976,0.6660657653146386,0.6126921419413112,-0.00316584123720112,0.9979,9976,9979,21,24,19955,5.946038585334981
final_csecic_lr_forensic_20260910T235954Z,46,Active Mean,20000,0.5,0.0,0.0,0.0,0.4987790150944312,-0.010000500037503125,0.0002,0,2,9998,10000,2,0.594537029120535
final_csecic_lr_forensic_20260910T235954Z,46,Active Std,20000,0.5,0.0,0.0,0.0,0.5,-0.007071244595190174,0.0001,0,1,9999,10000,1,0.44647816845939303
final_csecic_lr_forensic_20260910T235954Z,46,Active Max,20000,0.5,0.0,0.0,0.0,0.4987790150944312,-0.010000500037503125,0.0002,0,2,9998,10000,2,0.4848302738922174
final_csecic_lr_forensic_20260910T235954Z,46,Active Min,20000,0.5,0.0,0.0,0.0,0.4987790150944312,-0.010000500037503125,0.0002,0,2,9998,10000,2,0.6174949572842162
final_csecic_lr_forensic_20260910T235954Z,46,Idle Mean,20000,0.5,0.12149532710280374,0.0026,0.005091051497943999,0.498498477473279,-0.07872798308649769,0.0188,26,188,9812,9974,214,0.6295469742198854
final_csecic_lr_forensic_20260910T235954Z,46,Idle Std,20000,0.5,0.0,0.0,0.0,0.5,-0.007071244595190174,0.0001,0,1,9999,10000,1,0.5313895476779075
final_csecic_lr_forensic_20260910T235954Z,46,Idle Max,20000,0.5,0.12149532710280374,0.0026,0.005091051497943999,0.498498477473279,-0.07872798308649769,0.0188,26,188,9812,9974,214,0.7106907671107192
final_csecic_lr_forensic_20260910T235954Z,46,Idle Min,20000,0.5,0.12206572769953052,0.0026,0.005091549985312836,0.49849850076118657,-0.0784234777336794,0.0187,26,187,9813,9974,213,0.5125206037750037
