dataset,subtype,recno,timestamp_iso,severity,event,source,component,host,pid,tid,user,message
windows_event,win_event,1,2026-03-15T20:01:39.817629+00:00,WARNING,51,disk,disk,andy-aaron,4,21512,,<string>\Device\Harddisk1\DR3</string>
windows_event,win_event,2,2026-03-15T20:01:39.817629+00:00,WARNING,51,disk,disk,andy-aaron,4,12604,,<string>\Device\Harddisk1\DR3</string>
windows_event,win_event,3,2026-03-15T20:01:39.817629+00:00,WARNING,51,disk,disk,andy-aaron,4,24568,,<string>\Device\Harddisk1\DR3</string>
windows_event,win_event,4,2026-03-15T20:01:39.817629+00:00,WARNING,51,disk,disk,andy-aaron,4,12604,,<string>\Device\Harddisk1\DR3</string>
windows_event,win_event,5,2026-03-15T20:01:39.817629+00:00,WARNING,51,disk,disk,andy-aaron,4,21512,,<string>\Device\Harddisk1\DR3</string>
windows_event,win_event,6,2026-03-15T20:01:39.817629+00:00,WARNING,51,disk,disk,andy-aaron,4,12604,,<string>\Device\Harddisk1\DR3</string>
windows_event,win_event,7,2026-03-15T20:01:39.817629+00:00,WARNING,51,disk,disk,andy-aaron,4,24568,,<string>\Device\Harddisk1\DR3</string>
windows_event,win_event,8,2026-03-15T20:01:39.817629+00:00,WARNING,51,disk,disk,andy-aaron,4,12604,,<string>\Device\Harddisk1\DR3</string>
windows_event,win_event,9,2026-03-15T20:01:39.817629+00:00,WARNING,51,disk,disk,andy-aaron,4,1336,,<string>\Device\Harddisk1\DR3</string>
windows_event,win_event,10,2026-03-15T20:01:39.818628+00:00,WARNING,51,disk,disk,andy-aaron,4,21512,,<string>\Device\Harddisk1\DR3</string>
windows_event,win_event,11,2026-03-15T20:01:39.818628+00:00,WARNING,51,disk,disk,andy-aaron,4,24568,,<string>\Device\Harddisk1\DR3</string>
windows_event,win_event,12,2026-03-15T20:01:39.818628+00:00,WARNING,51,disk,disk,andy-aaron,4,21512,,<string>\Device\Harddisk1\DR3</string>
windows_event,win_event,13,2026-03-15T20:01:39.818628+00:00,WARNING,51,disk,disk,andy-aaron,4,1336,,<string>\Device\Harddisk1\DR3</string>
windows_event,win_event,14,2026-03-15T20:01:39.818628+00:00,WARNING,51,disk,disk,andy-aaron,4,21512,,<string>\Device\Harddisk1\DR3</string>
windows_event,win_event,15,2026-03-15T20:01:39.818628+00:00,WARNING,51,disk,disk,andy-aaron,4,24568,,<string>\Device\Harddisk1\DR3</string>
windows_event,win_event,16,2026-03-15T20:01:39.818628+00:00,WARNING,51,disk,disk,andy-aaron,4,21512,,<string>\Device\Harddisk1\DR3</string>
windows_event,win_event,17,2026-03-15T20:01:39.818628+00:00,WARNING,51,disk,disk,andy-aaron,4,1336,,<string>\Device\Harddisk1\DR3</string>
windows_event,win_event,18,2026-03-15T20:01:39.818628+00:00,WARNING,51,disk,disk,andy-aaron,4,21512,,<string>\Device\Harddisk1\DR3</string>
windows_event,win_event,19,2026-03-15T20:01:39.818628+00:00,WARNING,51,disk,disk,andy-aaron,4,24568,,<string>\Device\Harddisk1\DR3</string>
windows_event,win_event,20,2026-03-15T20:01:39.818628+00:00,WARNING,51,disk,disk,andy-aaron,4,21512,,<string>\Device\Harddisk1\DR3</string>
windows_event,win_event,21,2026-03-15T20:01:39.818628+00:00,WARNING,51,disk,disk,andy-aaron,4,1336,,<string>\Device\Harddisk1\DR3</string>
windows_event,win_event,22,2026-03-15T20:01:39.818628+00:00,WARNING,51,disk,disk,andy-aaron,4,21512,,<string>\Device\Harddisk1\DR3</string>
windows_event,win_event,23,2026-03-15T20:01:39.818628+00:00,WARNING,51,disk,disk,andy-aaron,4,24568,,<string>\Device\Harddisk1\DR3</string>
windows_event,win_event,24,2026-03-15T20:01:39.818628+00:00,WARNING,51,disk,disk,andy-aaron,4,21512,,<string>\Device\Harddisk1\DR3</string>
windows_event,win_event,25,2026-03-15T20:01:39.818628+00:00,WARNING,51,disk,disk,andy-aaron,4,1336,,<string>\Device\Harddisk1\DR3</string>
windows_event,win_event,26,2026-03-15T20:01:39.818628+00:00,WARNING,51,disk,disk,andy-aaron,4,21512,,<string>\Device\Harddisk1\DR3</string>
windows_event,win_event,27,2026-03-15T20:01:39.818628+00:00,WARNING,51,disk,disk,andy-aaron,4,24568,,<string>\Device\Harddisk1\DR3</string>
windows_event,win_event,28,2026-03-15T20:01:39.818628+00:00,WARNING,51,disk,disk,andy-aaron,4,21512,,<string>\Device\Harddisk1\DR3</string>
windows_event,win_event,29,2026-03-15T20:01:39.818628+00:00,WARNING,51,disk,disk,andy-aaron,4,1336,,<string>\Device\Harddisk1\DR3</string>
windows_event,win_event,30,2026-03-15T20:01:39.819626+00:00,WARNING,51,disk,disk,andy-aaron,4,21512,,<string>\Device\Harddisk1\DR3</string>
windows_event,win_event,31,2026-03-15T20:01:39.819626+00:00,WARNING,51,disk,disk,andy-aaron,4,24568,,<string>\Device\Harddisk1\DR3</string>
windows_event,win_event,32,2026-03-15T20:01:39.819626+00:00,WARNING,51,disk,disk,andy-aaron,4,21512,,<string>\Device\Harddisk1\DR3</string>
windows_event,win_event,33,2026-03-15T20:01:39.819626+00:00,WARNING,51,disk,disk,andy-aaron,4,1336,,<string>\Device\Harddisk1\DR3</string>
windows_event,win_event,34,2026-03-15T20:01:39.819626+00:00,WARNING,51,disk,disk,andy-aaron,4,21512,,<string>\Device\Harddisk1\DR3</string>
windows_event,win_event,35,2026-03-15T20:01:39.819626+00:00,WARNING,51,disk,disk,andy-aaron,4,24568,,<string>\Device\Harddisk1\DR3</string>
windows_event,win_event,36,2026-03-15T20:01:39.819626+00:00,WARNING,51,disk,disk,andy-aaron,4,21512,,<string>\Device\Harddisk1\DR3</string>
windows_event,win_event,37,2026-03-15T20:01:39.819626+00:00,WARNING,51,disk,disk,andy-aaron,4,1336,,<string>\Device\Harddisk1\DR3</string>
windows_event,win_event,38,2026-03-15T20:01:39.819626+00:00,WARNING,51,disk,disk,andy-aaron,4,21512,,<string>\Device\Harddisk1\DR3</string>
windows_event,win_event,39,2026-03-15T20:01:39.819626+00:00,WARNING,51,disk,disk,andy-aaron,4,24568,,<string>\Device\Harddisk1\DR3</string>
windows_event,win_event,40,2026-03-15T20:01:39.819626+00:00,WARNING,51,disk,disk,andy-aaron,4,21512,,<string>\Device\Harddisk1\DR3</string>
windows_event,win_event,41,2026-03-15T20:01:39.819626+00:00,WARNING,51,disk,disk,andy-aaron,4,1336,,<string>\Device\Harddisk1\DR3</string>
windows_event,win_event,42,2026-03-15T20:01:39.819626+00:00,WARNING,51,disk,disk,andy-aaron,4,21512,,<string>\Device\Harddisk1\DR3</string>
windows_event,win_event,43,2026-03-15T20:01:39.819626+00:00,WARNING,51,disk,disk,andy-aaron,4,24568,,<string>\Device\Harddisk1\DR3</string>
windows_event,win_event,44,2026-03-15T20:01:39.820629+00:00,WARNING,51,disk,disk,andy-aaron,4,21512,,<string>\Device\Harddisk1\DR3</string>
windows_event,win_event,45,2026-03-15T20:01:39.820629+00:00,WARNING,51,disk,disk,andy-aaron,4,1336,,<string>\Device\Harddisk1\DR3</string>
windows_event,win_event,46,2026-03-15T20:01:39.820629+00:00,WARNING,51,disk,disk,andy-aaron,4,21512,,<string>\Device\Harddisk1\DR3</string>
windows_event,win_event,47,2026-03-15T20:01:39.820629+00:00,WARNING,51,disk,disk,andy-aaron,4,24568,,<string>\Device\Harddisk1\DR3</string>
windows_event,win_event,48,2026-03-15T20:01:39.820629+00:00,WARNING,51,disk,disk,andy-aaron,4,21512,,<string>\Device\Harddisk1\DR3</string>
windows_event,win_event,49,2026-03-15T20:01:39.820629+00:00,WARNING,51,disk,disk,andy-aaron,4,1336,,<string>\Device\Harddisk1\DR3</string>
windows_event,win_event,50,2026-03-15T20:01:39.820629+00:00,WARNING,51,disk,disk,andy-aaron,4,21512,,<string>\Device\Harddisk1\DR3</string>
windows_event,win_event,51,2026-03-15T20:01:39.820629+00:00,WARNING,51,disk,disk,andy-aaron,4,24568,,<string>\Device\Harddisk1\DR3</string>
windows_event,win_event,52,2026-03-15T20:01:39.820629+00:00,WARNING,51,disk,disk,andy-aaron,4,21512,,<string>\Device\Harddisk1\DR3</string>
windows_event,win_event,53,2026-03-15T20:01:39.820629+00:00,WARNING,51,disk,disk,andy-aaron,4,1336,,<string>\Device\Harddisk1\DR3</string>
windows_event,win_event,54,2026-03-15T20:01:39.820629+00:00,WARNING,51,disk,disk,andy-aaron,4,21512,,<string>\Device\Harddisk1\DR3</string>
windows_event,win_event,55,2026-03-15T20:01:39.820629+00:00,WARNING,51,disk,disk,andy-aaron,4,24568,,<string>\Device\Harddisk1\DR3</string>
windows_event,win_event,56,2026-03-15T20:01:39.820629+00:00,WARNING,51,disk,disk,andy-aaron,4,21512,,<string>\Device\Harddisk1\DR3</string>
windows_event,win_event,57,2026-03-15T20:01:39.820629+00:00,WARNING,51,disk,disk,andy-aaron,4,1336,,<string>\Device\Harddisk1\DR3</string>
windows_event,win_event,58,2026-03-15T20:01:39.820629+00:00,WARNING,51,disk,disk,andy-aaron,4,21512,,<string>\Device\Harddisk1\DR3</string>
windows_event,win_event,59,2026-03-15T20:01:39.820629+00:00,WARNING,51,disk,disk,andy-aaron,4,24568,,<string>\Device\Harddisk1\DR3</string>
windows_event,win_event,60,2026-03-15T20:01:39.821629+00:00,WARNING,51,disk,disk,andy-aaron,4,21512,,<string>\Device\Harddisk1\DR3</string>
windows_event,win_event,61,2026-03-15T20:01:39.821629+00:00,WARNING,51,disk,disk,andy-aaron,4,1336,,<string>\Device\Harddisk1\DR3</string>
windows_event,win_event,62,2026-03-15T20:01:39.821629+00:00,WARNING,51,disk,disk,andy-aaron,4,21512,,<string>\Device\Harddisk1\DR3</string>
windows_event,win_event,63,2026-03-15T20:01:39.821629+00:00,WARNING,51,disk,disk,andy-aaron,4,24568,,<string>\Device\Harddisk1\DR3</string>
windows_event,win_event,64,2026-03-15T20:01:39.821629+00:00,WARNING,51,disk,disk,andy-aaron,4,21512,,<string>\Device\Harddisk1\DR3</string>
windows_event,win_event,65,2026-03-15T20:01:39.821629+00:00,WARNING,51,disk,disk,andy-aaron,4,1336,,<string>\Device\Harddisk1\DR3</string>
windows_event,win_event,66,2026-03-15T20:01:39.821629+00:00,WARNING,51,disk,disk,andy-aaron,4,21512,,<string>\Device\Harddisk1\DR3</string>
windows_event,win_event,67,2026-03-15T20:01:39.821629+00:00,WARNING,51,disk,disk,andy-aaron,4,24568,,<string>\Device\Harddisk1\DR3</string>
windows_event,win_event,68,2026-03-15T20:01:39.821629+00:00,WARNING,51,disk,disk,andy-aaron,4,21512,,<string>\Device\Harddisk1\DR3</string>
windows_event,win_event,69,2026-03-15T20:01:39.821629+00:00,WARNING,51,disk,disk,andy-aaron,4,1336,,<string>\Device\Harddisk1\DR3</string>
windows_event,win_event,70,2026-03-15T20:01:39.821629+00:00,WARNING,51,disk,disk,andy-aaron,4,21512,,<string>\Device\Harddisk1\DR3</string>
windows_event,win_event,71,2026-03-15T20:01:39.821629+00:00,WARNING,51,disk,disk,andy-aaron,4,24568,,<string>\Device\Harddisk1\DR3</string>
windows_event,win_event,72,2026-03-15T20:01:39.821629+00:00,WARNING,51,disk,disk,andy-aaron,4,21512,,<string>\Device\Harddisk1\DR3</string>
windows_event,win_event,73,2026-03-15T20:01:39.821629+00:00,WARNING,51,disk,disk,andy-aaron,4,1336,,<string>\Device\Harddisk1\DR3</string>
windows_event,win_event,74,2026-03-15T20:01:39.821629+00:00,WARNING,51,disk,disk,andy-aaron,4,21512,,<string>\Device\Harddisk1\DR3</string>
windows_event,win_event,75,2026-03-15T20:01:39.821629+00:00,WARNING,51,disk,disk,andy-aaron,4,24568,,<string>\Device\Harddisk1\DR3</string>
windows_event,win_event,76,2026-03-15T20:01:39.821629+00:00,WARNING,51,disk,disk,andy-aaron,4,21512,,<string>\Device\Harddisk1\DR3</string>
windows_event,win_event,77,2026-03-15T20:01:39.821629+00:00,WARNING,51,disk,disk,andy-aaron,4,1336,,<string>\Device\Harddisk1\DR3</string>
windows_event,win_event,78,2026-03-15T20:01:39.822630+00:00,WARNING,51,disk,disk,andy-aaron,4,21512,,<string>\Device\Harddisk1\DR3</string>
windows_event,win_event,79,2026-03-15T20:01:39.822630+00:00,WARNING,51,disk,disk,andy-aaron,4,24568,,<string>\Device\Harddisk1\DR3</string>
windows_event,win_event,80,2026-03-15T20:01:39.822630+00:00,WARNING,51,disk,disk,andy-aaron,4,21512,,<string>\Device\Harddisk1\DR3</string>
windows_event,win_event,81,2026-03-15T20:01:39.822630+00:00,WARNING,51,disk,disk,andy-aaron,4,1336,,<string>\Device\Harddisk1\DR3</string>
windows_event,win_event,82,2026-03-15T20:01:39.822630+00:00,WARNING,51,disk,disk,andy-aaron,4,21512,,<string>\Device\Harddisk1\DR3</string>
windows_event,win_event,83,2026-03-15T20:01:39.822630+00:00,WARNING,51,disk,disk,andy-aaron,4,24568,,<string>\Device\Harddisk1\DR3</string>
windows_event,win_event,84,2026-03-15T20:01:39.822630+00:00,WARNING,51,disk,disk,andy-aaron,4,21512,,<string>\Device\Harddisk1\DR3</string>
windows_event,win_event,85,2026-03-15T20:01:39.822630+00:00,WARNING,51,disk,disk,andy-aaron,4,1336,,<string>\Device\Harddisk1\DR3</string>
windows_event,win_event,86,2026-03-15T20:01:39.822630+00:00,WARNING,51,disk,disk,andy-aaron,4,21512,,<string>\Device\Harddisk1\DR3</string>
windows_event,win_event,87,2026-03-15T20:01:39.822630+00:00,WARNING,51,disk,disk,andy-aaron,4,24568,,<string>\Device\Harddisk1\DR3</string>
windows_event,win_event,88,2026-03-15T20:01:39.822630+00:00,WARNING,51,disk,disk,andy-aaron,4,21512,,<string>\Device\Harddisk1\DR3</string>
windows_event,win_event,89,2026-03-15T20:01:39.822630+00:00,WARNING,51,disk,disk,andy-aaron,4,1336,,<string>\Device\Harddisk1\DR3</string>
windows_event,win_event,90,2026-03-15T20:01:39.822630+00:00,WARNING,51,disk,disk,andy-aaron,4,21512,,<string>\Device\Harddisk1\DR3</string>
windows_event,win_event,91,2026-03-15T20:01:39.822630+00:00,WARNING,51,disk,disk,andy-aaron,4,24568,,<string>\Device\Harddisk1\DR3</string>
windows_event,win_event,92,2026-03-15T20:01:39.822630+00:00,WARNING,51,disk,disk,andy-aaron,4,21512,,<string>\Device\Harddisk1\DR3</string>
windows_event,win_event,93,2026-03-15T20:01:39.822630+00:00,WARNING,51,disk,disk,andy-aaron,4,1336,,<string>\Device\Harddisk1\DR3</string>
windows_event,win_event,94,2026-03-15T20:01:39.822630+00:00,WARNING,51,disk,disk,andy-aaron,4,21512,,<string>\Device\Harddisk1\DR3</string>
windows_event,win_event,95,2026-03-15T20:01:39.822630+00:00,WARNING,51,disk,disk,andy-aaron,4,24568,,<string>\Device\Harddisk1\DR3</string>
windows_event,win_event,96,2026-03-15T20:01:39.822630+00:00,WARNING,51,disk,disk,andy-aaron,4,21512,,<string>\Device\Harddisk1\DR3</string>
windows_event,win_event,97,2026-03-15T20:01:39.822630+00:00,WARNING,51,disk,disk,andy-aaron,4,1336,,<string>\Device\Harddisk1\DR3</string>
windows_event,win_event,98,2026-03-15T20:01:39.822630+00:00,WARNING,51,disk,disk,andy-aaron,4,21512,,<string>\Device\Harddisk1\DR3</string>
windows_event,win_event,99,2026-03-15T20:01:39.823622+00:00,WARNING,51,disk,disk,andy-aaron,4,24568,,<string>\Device\Harddisk1\DR3</string>
windows_event,win_event,100,2026-03-15T20:01:39.823622+00:00,WARNING,51,disk,disk,andy-aaron,4,21512,,<string>\Device\Harddisk1\DR3</string>
windows_event,win_event,101,2026-03-15T20:01:39.823622+00:00,WARNING,51,disk,disk,andy-aaron,4,1336,,<string>\Device\Harddisk1\DR3</string>
windows_event,win_event,102,2026-03-15T20:01:39.823622+00:00,WARNING,51,disk,disk,andy-aaron,4,21512,,<string>\Device\Harddisk1\DR3</string>
windows_event,win_event,103,2026-03-15T20:01:39.823622+00:00,WARNING,51,disk,disk,andy-aaron,4,24568,,<string>\Device\Harddisk1\DR3</string>
windows_event,win_event,104,2026-03-15T20:01:39.823622+00:00,WARNING,51,disk,disk,andy-aaron,4,21512,,<string>\Device\Harddisk1\DR3</string>
windows_event,win_event,105,2026-03-15T20:01:39.823622+00:00,WARNING,51,disk,disk,andy-aaron,4,1336,,<string>\Device\Harddisk1\DR3</string>
windows_event,win_event,106,2026-03-15T20:01:39.823622+00:00,WARNING,51,disk,disk,andy-aaron,4,21512,,<string>\Device\Harddisk1\DR3</string>
windows_event,win_event,107,2026-03-15T20:01:39.823622+00:00,WARNING,51,disk,disk,andy-aaron,4,24568,,<string>\Device\Harddisk1\DR3</string>
windows_event,win_event,108,2026-03-15T20:01:39.823622+00:00,WARNING,51,disk,disk,andy-aaron,4,21512,,<string>\Device\Harddisk1\DR3</string>
windows_event,win_event,109,2026-03-15T20:01:39.823622+00:00,WARNING,51,disk,disk,andy-aaron,4,1336,,<string>\Device\Harddisk1\DR3</string>
windows_event,win_event,110,2026-03-15T20:01:39.823622+00:00,WARNING,51,disk,disk,andy-aaron,4,21512,,<string>\Device\Harddisk1\DR3</string>
windows_event,win_event,111,2026-03-15T20:01:39.823622+00:00,WARNING,51,disk,disk,andy-aaron,4,24568,,<string>\Device\Harddisk1\DR3</string>
windows_event,win_event,112,2026-03-15T20:01:39.823622+00:00,WARNING,51,disk,disk,andy-aaron,4,21512,,<string>\Device\Harddisk1\DR3</string>
windows_event,win_event,113,2026-03-15T20:01:39.823622+00:00,WARNING,51,disk,disk,andy-aaron,4,1336,,<string>\Device\Harddisk1\DR3</string>
windows_event,win_event,114,2026-03-15T20:01:39.823622+00:00,WARNING,51,disk,disk,andy-aaron,4,21512,,<string>\Device\Harddisk1\DR3</string>
windows_event,win_event,115,2026-03-15T20:01:39.823622+00:00,WARNING,51,disk,disk,andy-aaron,4,24568,,<string>\Device\Harddisk1\DR3</string>
windows_event,win_event,116,2026-03-15T20:01:39.823622+00:00,WARNING,51,disk,disk,andy-aaron,4,21512,,<string>\Device\Harddisk1\DR3</string>
windows_event,win_event,117,2026-03-15T20:01:39.823622+00:00,WARNING,51,disk,disk,andy-aaron,4,1336,,<string>\Device\Harddisk1\DR3</string>
windows_event,win_event,118,2026-03-15T20:01:39.823622+00:00,WARNING,51,disk,disk,andy-aaron,4,21512,,<string>\Device\Harddisk1\DR3</string>
windows_event,win_event,119,2026-03-15T20:01:39.823622+00:00,WARNING,51,disk,disk,andy-aaron,4,24568,,<string>\Device\Harddisk1\DR3</string>
windows_event,win_event,120,2026-03-15T20:01:39.824623+00:00,WARNING,51,disk,disk,andy-aaron,4,21512,,<string>\Device\Harddisk1\DR3</string>
windows_event,win_event,121,2026-03-15T20:01:39.824623+00:00,WARNING,51,disk,disk,andy-aaron,4,1336,,<string>\Device\Harddisk1\DR3</string>
windows_event,win_event,122,2026-03-15T20:01:39.824623+00:00,WARNING,51,disk,disk,andy-aaron,4,21512,,<string>\Device\Harddisk1\DR3</string>
windows_event,win_event,123,2026-03-15T20:01:39.824623+00:00,WARNING,51,disk,disk,andy-aaron,4,24568,,<string>\Device\Harddisk1\DR3</string>
windows_event,win_event,124,2026-03-15T20:01:39.824623+00:00,WARNING,51,disk,disk,andy-aaron,4,21512,,<string>\Device\Harddisk1\DR3</string>
windows_event,win_event,125,2026-03-15T20:01:39.824623+00:00,WARNING,51,disk,disk,andy-aaron,4,1336,,<string>\Device\Harddisk1\DR3</string>
windows_event,win_event,126,2026-03-15T20:01:39.824623+00:00,WARNING,51,disk,disk,andy-aaron,4,21512,,<string>\Device\Harddisk1\DR3</string>
windows_event,win_event,127,2026-03-15T20:01:39.824623+00:00,WARNING,51,disk,disk,andy-aaron,4,24568,,<string>\Device\Harddisk1\DR3</string>
windows_event,win_event,128,2026-03-15T20:01:39.824623+00:00,WARNING,51,disk,disk,andy-aaron,4,21512,,<string>\Device\Harddisk1\DR3</string>
windows_event,win_event,129,2026-03-15T20:01:39.824623+00:00,WARNING,51,disk,disk,andy-aaron,4,1336,,<string>\Device\Harddisk1\DR3</string>
windows_event,win_event,130,2026-03-15T20:01:39.824623+00:00,WARNING,51,disk,disk,andy-aaron,4,21512,,<string>\Device\Harddisk1\DR3</string>
windows_event,win_event,131,2026-03-15T20:01:39.824623+00:00,WARNING,51,disk,disk,andy-aaron,4,24568,,<string>\Device\Harddisk1\DR3</string>
windows_event,win_event,132,2026-03-15T20:01:39.824623+00:00,WARNING,51,disk,disk,andy-aaron,4,21512,,<string>\Device\Harddisk1\DR3</string>
windows_event,win_event,133,2026-03-15T20:01:39.824623+00:00,WARNING,51,disk,disk,andy-aaron,4,1336,,<string>\Device\Harddisk1\DR3</string>
windows_event,win_event,134,2026-03-15T20:01:39.824623+00:00,WARNING,51,disk,disk,andy-aaron,4,21512,,<string>\Device\Harddisk1\DR3</string>
windows_event,win_event,135,2026-03-15T20:01:39.824623+00:00,WARNING,51,disk,disk,andy-aaron,4,24568,,<string>\Device\Harddisk1\DR3</string>
windows_event,win_event,136,2026-03-15T20:01:39.824623+00:00,WARNING,51,disk,disk,andy-aaron,4,21512,,<string>\Device\Harddisk1\DR3</string>
windows_event,win_event,137,2026-03-15T20:01:39.825624+00:00,WARNING,51,disk,disk,andy-aaron,4,1336,,<string>\Device\Harddisk1\DR3</string>
windows_event,win_event,138,2026-03-15T20:01:39.825624+00:00,WARNING,51,disk,disk,andy-aaron,4,21512,,<string>\Device\Harddisk1\DR3</string>
windows_event,win_event,139,2026-03-15T20:01:39.825624+00:00,WARNING,51,disk,disk,andy-aaron,4,24568,,<string>\Device\Harddisk1\DR3</string>
windows_event,win_event,140,2026-03-15T20:01:39.825624+00:00,WARNING,51,disk,disk,andy-aaron,4,21512,,<string>\Device\Harddisk1\DR3</string>
windows_event,win_event,141,2026-03-15T20:01:39.825624+00:00,WARNING,51,disk,disk,andy-aaron,4,1336,,<string>\Device\Harddisk1\DR3</string>
windows_event,win_event,142,2026-03-15T20:01:39.825624+00:00,WARNING,51,disk,disk,andy-aaron,4,21512,,<string>\Device\Harddisk1\DR3</string>
windows_event,win_event,143,2026-03-15T20:01:39.825624+00:00,WARNING,51,disk,disk,andy-aaron,4,24568,,<string>\Device\Harddisk1\DR3</string>
windows_event,win_event,144,2026-03-15T20:01:39.825624+00:00,WARNING,51,disk,disk,andy-aaron,4,21512,,<string>\Device\Harddisk1\DR3</string>
windows_event,win_event,145,2026-03-15T20:01:39.825624+00:00,WARNING,51,disk,disk,andy-aaron,4,1336,,<string>\Device\Harddisk1\DR3</string>
windows_event,win_event,146,2026-03-15T20:01:39.825624+00:00,WARNING,51,disk,disk,andy-aaron,4,21512,,<string>\Device\Harddisk1\DR3</string>
windows_event,win_event,147,2026-03-15T20:01:39.825624+00:00,WARNING,51,disk,disk,andy-aaron,4,24568,,<string>\Device\Harddisk1\DR3</string>
windows_event,win_event,148,2026-03-15T20:01:39.825624+00:00,WARNING,51,disk,disk,andy-aaron,4,21512,,<string>\Device\Harddisk1\DR3</string>
windows_event,win_event,149,2026-03-15T20:01:39.825624+00:00,WARNING,51,disk,disk,andy-aaron,4,1336,,<string>\Device\Harddisk1\DR3</string>
windows_event,win_event,150,2026-03-15T20:01:39.825624+00:00,WARNING,51,disk,disk,andy-aaron,4,21512,,<string>\Device\Harddisk1\DR3</string>
windows_event,win_event,151,2026-03-15T20:01:39.825624+00:00,WARNING,51,disk,disk,andy-aaron,4,24568,,<string>\Device\Harddisk1\DR3</string>
windows_event,win_event,152,2026-03-15T20:01:39.826628+00:00,WARNING,51,disk,disk,andy-aaron,4,21512,,<string>\Device\Harddisk1\DR3</string>
windows_event,win_event,153,2026-03-15T20:01:39.826628+00:00,WARNING,51,disk,disk,andy-aaron,4,1336,,<string>\Device\Harddisk1\DR3</string>
windows_event,win_event,154,2026-03-15T20:01:39.826628+00:00,WARNING,51,disk,disk,andy-aaron,4,21512,,<string>\Device\Harddisk1\DR3</string>
windows_event,win_event,155,2026-03-15T20:01:39.826628+00:00,WARNING,51,disk,disk,andy-aaron,4,24568,,<string>\Device\Harddisk1\DR3</string>
windows_event,win_event,156,2026-03-15T20:01:39.826628+00:00,WARNING,51,disk,disk,andy-aaron,4,21512,,<string>\Device\Harddisk1\DR3</string>
windows_event,win_event,157,2026-03-15T20:01:39.826628+00:00,WARNING,51,disk,disk,andy-aaron,4,1336,,<string>\Device\Harddisk1\DR3</string>
windows_event,win_event,158,2026-03-15T20:01:39.826628+00:00,WARNING,51,disk,disk,andy-aaron,4,21512,,<string>\Device\Harddisk1\DR3</string>
windows_event,win_event,159,2026-03-15T20:01:39.826628+00:00,WARNING,51,disk,disk,andy-aaron,4,24568,,<string>\Device\Harddisk1\DR3</string>
windows_event,win_event,160,2026-03-15T20:01:39.826628+00:00,WARNING,51,disk,disk,andy-aaron,4,21512,,<string>\Device\Harddisk1\DR3</string>
windows_event,win_event,161,2026-03-15T20:01:39.826628+00:00,WARNING,51,disk,disk,andy-aaron,4,1336,,<string>\Device\Harddisk1\DR3</string>
windows_event,win_event,162,2026-03-15T20:01:39.826628+00:00,WARNING,51,disk,disk,andy-aaron,4,1336,,<string>\Device\Harddisk1\DR3</string>
windows_event,win_event,163,2026-03-15T20:01:39.826628+00:00,WARNING,51,disk,disk,andy-aaron,4,24568,,<string>\Device\Harddisk1\DR3</string>
windows_event,win_event,164,2026-03-15T20:01:39.826628+00:00,WARNING,51,disk,disk,andy-aaron,4,1336,,<string>\Device\Harddisk1\DR3</string>
windows_event,win_event,165,2026-03-15T20:01:39.826628+00:00,WARNING,51,disk,disk,andy-aaron,4,21512,,<string>\Device\Harddisk1\DR3</string>
windows_event,win_event,166,2026-03-15T20:01:39.827629+00:00,WARNING,51,disk,disk,andy-aaron,4,1336,,<string>\Device\Harddisk1\DR3</string>
windows_event,win_event,167,2026-03-15T20:01:39.827629+00:00,WARNING,51,disk,disk,andy-aaron,4,24568,,<string>\Device\Harddisk1\DR3</string>
windows_event,win_event,168,2026-03-15T20:01:39.827629+00:00,WARNING,51,disk,disk,andy-aaron,4,1336,,<string>\Device\Harddisk1\DR3</string>
windows_event,win_event,169,2026-03-15T20:01:39.827629+00:00,WARNING,51,disk,disk,andy-aaron,4,21512,,<string>\Device\Harddisk1\DR3</string>
windows_event,win_event,170,2026-03-15T20:01:39.827629+00:00,WARNING,51,disk,disk,andy-aaron,4,1336,,<string>\Device\Harddisk1\DR3</string>
windows_event,win_event,171,2026-03-15T20:01:39.827629+00:00,WARNING,51,disk,disk,andy-aaron,4,24568,,<string>\Device\Harddisk1\DR3</string>
windows_event,win_event,172,2026-03-15T20:01:39.827629+00:00,WARNING,51,disk,disk,andy-aaron,4,1336,,<string>\Device\Harddisk1\DR3</string>
windows_event,win_event,173,2026-03-15T20:01:39.827629+00:00,WARNING,51,disk,disk,andy-aaron,4,21512,,<string>\Device\Harddisk1\DR3</string>
windows_event,win_event,174,2026-03-15T20:01:39.827629+00:00,WARNING,51,disk,disk,andy-aaron,4,1336,,<string>\Device\Harddisk1\DR3</string>
windows_event,win_event,175,2026-03-15T20:01:39.827629+00:00,WARNING,51,disk,disk,andy-aaron,4,24568,,<string>\Device\Harddisk1\DR3</string>
windows_event,win_event,176,2026-03-15T20:01:39.827629+00:00,WARNING,51,disk,disk,andy-aaron,4,1336,,<string>\Device\Harddisk1\DR3</string>
windows_event,win_event,177,2026-03-15T20:01:39.827629+00:00,WARNING,51,disk,disk,andy-aaron,4,21512,,<string>\Device\Harddisk1\DR3</string>
windows_event,win_event,178,2026-03-15T20:01:39.827629+00:00,WARNING,51,disk,disk,andy-aaron,4,1336,,<string>\Device\Harddisk1\DR3</string>
windows_event,win_event,179,2026-03-15T20:01:39.827629+00:00,WARNING,51,disk,disk,andy-aaron,4,24568,,<string>\Device\Harddisk1\DR3</string>
windows_event,win_event,180,2026-03-15T20:01:39.827629+00:00,WARNING,51,disk,disk,andy-aaron,4,1336,,<string>\Device\Harddisk1\DR3</string>
windows_event,win_event,181,2026-03-15T20:01:39.827629+00:00,WARNING,51,disk,disk,andy-aaron,4,21512,,<string>\Device\Harddisk1\DR3</string>
windows_event,win_event,182,2026-03-15T20:01:39.827629+00:00,WARNING,51,disk,disk,andy-aaron,4,1336,,<string>\Device\Harddisk1\DR3</string>
windows_event,win_event,183,2026-03-15T20:01:39.828623+00:00,WARNING,51,disk,disk,andy-aaron,4,24568,,<string>\Device\Harddisk1\DR3</string>
windows_event,win_event,184,2026-03-15T20:01:39.828623+00:00,WARNING,51,disk,disk,andy-aaron,4,1336,,<string>\Device\Harddisk1\DR3</string>
windows_event,win_event,185,2026-03-15T20:01:39.828623+00:00,WARNING,51,disk,disk,andy-aaron,4,21512,,<string>\Device\Harddisk1\DR3</string>
windows_event,win_event,186,2026-03-15T20:01:39.828623+00:00,WARNING,51,disk,disk,andy-aaron,4,1336,,<string>\Device\Harddisk1\DR3</string>
windows_event,win_event,187,2026-03-15T20:01:39.828623+00:00,WARNING,51,disk,disk,andy-aaron,4,24568,,<string>\Device\Harddisk1\DR3</string>
windows_event,win_event,188,2026-03-15T20:01:39.828623+00:00,WARNING,51,disk,disk,andy-aaron,4,1336,,<string>\Device\Harddisk1\DR3</string>
windows_event,win_event,189,2026-03-15T20:01:39.828623+00:00,WARNING,51,disk,disk,andy-aaron,4,21512,,<string>\Device\Harddisk1\DR3</string>
windows_event,win_event,190,2026-03-15T20:01:39.828623+00:00,WARNING,51,disk,disk,andy-aaron,4,1336,,<string>\Device\Harddisk1\DR3</string>
windows_event,win_event,191,2026-03-15T20:01:39.828623+00:00,WARNING,51,disk,disk,andy-aaron,4,24568,,<string>\Device\Harddisk1\DR3</string>
windows_event,win_event,192,2026-03-15T20:01:39.828623+00:00,WARNING,51,disk,disk,andy-aaron,4,1336,,<string>\Device\Harddisk1\DR3</string>
windows_event,win_event,193,2026-03-15T20:01:39.828623+00:00,WARNING,51,disk,disk,andy-aaron,4,21512,,<string>\Device\Harddisk1\DR3</string>
windows_event,win_event,194,2026-03-15T20:01:39.828623+00:00,WARNING,51,disk,disk,andy-aaron,4,1336,,<string>\Device\Harddisk1\DR3</string>
windows_event,win_event,195,2026-03-15T20:01:39.828623+00:00,WARNING,51,disk,disk,andy-aaron,4,24568,,<string>\Device\Harddisk1\DR3</string>
windows_event,win_event,196,2026-03-15T20:01:39.828623+00:00,WARNING,51,disk,disk,andy-aaron,4,1336,,<string>\Device\Harddisk1\DR3</string>
windows_event,win_event,197,2026-03-15T20:01:39.828623+00:00,WARNING,51,disk,disk,andy-aaron,4,21512,,<string>\Device\Harddisk1\DR3</string>
windows_event,win_event,198,2026-03-15T20:01:39.828623+00:00,WARNING,51,disk,disk,andy-aaron,4,1336,,<string>\Device\Harddisk1\DR3</string>
windows_event,win_event,199,2026-03-15T20:01:39.828623+00:00,WARNING,51,disk,disk,andy-aaron,4,24568,,<string>\Device\Harddisk1\DR3</string>
windows_event,win_event,200,2026-03-15T20:01:39.828623+00:00,WARNING,51,disk,disk,andy-aaron,4,1336,,<string>\Device\Harddisk1\DR3</string>
