experiment_id,phase,run_id,dataset,protocol,status,started_at,completed_at,command,config_path,raw_result_path,summary_path,figure_path,error_path,git_commit,notes
dataset_strengthening_hdfs_block,1,ds_hdfs_block_20260910T081756Z,HDFS,block_level_first_occurrence_60_20_20,RUNNING,2026-09-10T08:17:56.986457+00:00,,scripts/run_hdfs_block_strengthening.py,experiments/phase_dataset_strengthening/configs/dataset_strengthening_protocol.json,,,,,60327fe,
dataset_strengthening_hdfs_block,1,ds_hdfs_block_20260910T081756Z,HDFS,block_level_first_occurrence_60_20_20,COMPLETED,2026-09-10T08:17:56.986457+00:00,2026-09-10T08:25:59.924304+00:00,scripts/run_hdfs_block_strengthening.py,experiments/phase_dataset_strengthening/configs/dataset_strengthening_protocol.json,experiments/phase_dataset_strengthening/raw/ds_hdfs_block_20260910T081756Z__hdfs_block_result.json,experiments/phase_dataset_strengthening/reports/HDFS_BLOCK_LEVEL_ANALYSIS.md,experiments/phase_dataset_strengthening/figures/dataset_01_hdfs_event_vs_block.png;experiments/phase_dataset_strengthening/figures/dataset_02_hdfs_block_aggregators.png,,60327fe,aggregator=mean; test_f1=0.892308
dataset_strengthening_bgl_known_unknown,2,ds_bgl_known_unknown_20260910T082706Z,BGL,known_unknown_template_analysis,RUNNING,2026-09-10T08:27:06.744612+00:00,,scripts/run_bgl_known_unknown_strengthening.py,experiments/phase_dataset_strengthening/configs/dataset_strengthening_protocol.json,,,,,60327fe,
dataset_strengthening_bgl_known_unknown,2,ds_bgl_known_unknown_20260910T082706Z,BGL,known_unknown_template_analysis,COMPLETED,2026-09-10T08:27:06.744612+00:00,2026-09-10T08:27:14.463266+00:00,scripts/run_bgl_known_unknown_strengthening.py,experiments/phase_dataset_strengthening/configs/dataset_strengthening_protocol.json,experiments/phase_dataset_strengthening/raw/ds_bgl_known_unknown_20260910T082706Z__bgl_known_unknown_result.json,experiments/phase_dataset_strengthening/reports/BGL_KNOWN_UNKNOWN_ANALYSIS.md,experiments/phase_dataset_strengthening/figures/dataset_03_bgl_known_unknown_f1.png;experiments/phase_dataset_strengthening/figures/dataset_04_bgl_novelty_baseline.png,,60327fe,unknown_rate=0.898081; histogram_f1=0.913698; baseline_f1=0.277885
dataset_03_cicids_temporal,3/7,cicids_temporal_20260910T083015Z,CICIDS2017,temporal_holdout_MonThu_vs_Fri,RUNNING,2026-09-10T08:30:15.265432+00:00,,python scripts/run_cicids_temporal_strengthening.py,experiments/phase_dataset_strengthening/configs/dataset_strengthening_protocol.json,,,,experiments/phase_dataset_strengthening/logs/cicids_temporal_20260910T083015Z_error.txt,fbaa317,
dataset_03_cicids_temporal,3/7,cicids_temporal_20260910T083015Z,CICIDS2017,temporal_holdout_MonThu_vs_Fri,COMPLETED,2026-09-10T08:30:15.265432+00:00,2026-09-10T09:10:24.587442+00:00,python scripts/run_cicids_temporal_strengthening.py,experiments/phase_dataset_strengthening/configs/dataset_strengthening_protocol.json,experiments/phase_dataset_strengthening/raw/cicids_temporal_20260910T083015Z_metrics.csv,experiments/phase_dataset_strengthening/aggregated/cicids_temporal_summary.csv,experiments/phase_dataset_strengthening/figures/dataset_05_cicids_protocol_comparison.png,experiments/phase_dataset_strengthening/logs/cicids_temporal_20260910T083015Z_error.txt,fbaa317,Les cinq graines partagent un pool parent figé; aucune date n'est une feature.
dataset_04_router_independent,4/7,router_independent_20260910T092757Z,multi-source router corpus,one_original_file_no_path_signal,RUNNING,2026-09-10T09:27:57.418368+00:00,,python scripts/run_router_independent_strengthening.py,experiments/phase_dataset_strengthening/configs/dataset_strengthening_protocol.json,,,,experiments/phase_dataset_strengthening/logs/router_independent_20260910T092757Z_error.txt,57ac7c0,
dataset_04_router_independent,4/7,router_independent_20260910T092757Z,multi-source router corpus,one_original_file_no_path_signal,COMPLETED,2026-09-10T09:27:57.418368+00:00,2026-09-10T09:29:07.804405+00:00,python scripts/run_router_independent_strengthening.py,experiments/phase_dataset_strengthening/configs/dataset_strengthening_protocol.json,experiments/phase_dataset_strengthening/raw/router_independent_20260910T092757Z_routes.csv,experiments/phase_dataset_strengthening/aggregated/router_independent_summary.json,experiments/phase_dataset_strengthening/figures/dataset_06_router_independent_confusion.png,experiments/phase_dataset_strengthening/logs/router_independent_20260910T092757Z_error.txt,57ac7c0,N files=23; source groups=8; confidence non calibrée
dataset_04_router_independent,4/7,router_independent_20260910T093225Z,multi-source router corpus,one_original_file_no_path_signal,RUNNING,2026-09-10T09:32:25.943822+00:00,,python scripts/run_router_independent_strengthening.py,experiments/phase_dataset_strengthening/configs/dataset_strengthening_protocol.json,,,,experiments/phase_dataset_strengthening/logs/router_independent_20260910T093225Z_error.txt,57ac7c0,
dataset_04_router_independent,4/7,router_independent_20260910T093225Z,multi-source router corpus,one_original_file_no_path_signal,COMPLETED,2026-09-10T09:32:25.943822+00:00,2026-09-10T09:34:25.045762+00:00,python scripts/run_router_independent_strengthening.py,experiments/phase_dataset_strengthening/configs/dataset_strengthening_protocol.json,experiments/phase_dataset_strengthening/raw/router_independent_20260910T093225Z_routes.csv,experiments/phase_dataset_strengthening/aggregated/router_independent_summary.json,experiments/phase_dataset_strengthening/figures/dataset_06_router_independent_confusion.png,experiments/phase_dataset_strengthening/logs/router_independent_20260910T093225Z_error.txt,57ac7c0,N files=31; source groups=9; confidence non calibrée
dataset_05_multiformat_balanced,5/7,multiformat_balanced_20260910T093742Z,8 sources,balanced_max_1000_no_duplication,RUNNING,2026-09-10T09:37:42.199997+00:00,,python scripts/run_multiformat_balanced_strengthening.py,experiments/phase_dataset_strengthening/configs/dataset_strengthening_protocol.json,,,,experiments/phase_dataset_strengthening/logs/multiformat_balanced_20260910T093742Z_error.txt,ab1d902,
dataset_05_multiformat_balanced,5/7,multiformat_balanced_20260910T093742Z,8 sources,balanced_max_1000_no_duplication,COMPLETED,2026-09-10T09:37:42.199997+00:00,2026-09-10T09:38:53.105492+00:00,python scripts/run_multiformat_balanced_strengthening.py,experiments/phase_dataset_strengthening/configs/dataset_strengthening_protocol.json,experiments/phase_dataset_strengthening/raw/multiformat_balanced_20260910T093742Z_units.csv,experiments/phase_dataset_strengthening/aggregated/multiformat_balanced_summary.csv,experiments/phase_dataset_strengthening/figures/dataset_07_multiformat_coverage.png,experiments/phase_dataset_strengthening/logs/multiformat_balanced_20260910T093742Z_error.txt,ab1d902,read=7001 normalized=7001; Apache N réel conservé
dataset_04_router_independent,4/7,router_independent_20260910T094257Z,multi-source router corpus,one_original_file_no_path_signal,RUNNING,2026-09-10T09:42:57.082426+00:00,,python scripts/run_router_independent_strengthening.py,experiments/phase_dataset_strengthening/configs/dataset_strengthening_protocol.json,,,,experiments/phase_dataset_strengthening/logs/router_independent_20260910T094257Z_error.txt,ab1d902,
dataset_04_router_independent,4/7,router_independent_20260910T094257Z,multi-source router corpus,one_original_file_no_path_signal,COMPLETED,2026-09-10T09:42:57.082426+00:00,2026-09-10T09:44:00.912279+00:00,python scripts/run_router_independent_strengthening.py,experiments/phase_dataset_strengthening/configs/dataset_strengthening_protocol.json,experiments/phase_dataset_strengthening/raw/router_independent_20260910T094257Z_routes.csv,experiments/phase_dataset_strengthening/aggregated/router_independent_summary.json,experiments/phase_dataset_strengthening/figures/dataset_06_router_independent_confusion.png,experiments/phase_dataset_strengthening/logs/router_independent_20260910T094257Z_error.txt,ab1d902,N files=31; source groups=9; confidence non calibrée
dataset_05_multiformat_balanced,5/7,multiformat_balanced_20260910T094422Z,8 sources,balanced_max_1000_no_duplication,RUNNING,2026-09-10T09:44:22.845733+00:00,,python scripts/run_multiformat_balanced_strengthening.py,experiments/phase_dataset_strengthening/configs/dataset_strengthening_protocol.json,,,,experiments/phase_dataset_strengthening/logs/multiformat_balanced_20260910T094422Z_error.txt,ab1d902,
dataset_05_multiformat_balanced,5/7,multiformat_balanced_20260910T094422Z,8 sources,balanced_max_1000_no_duplication,COMPLETED,2026-09-10T09:44:22.845733+00:00,2026-09-10T09:45:21.983383+00:00,python scripts/run_multiformat_balanced_strengthening.py,experiments/phase_dataset_strengthening/configs/dataset_strengthening_protocol.json,experiments/phase_dataset_strengthening/raw/multiformat_balanced_20260910T094422Z_units.csv,experiments/phase_dataset_strengthening/aggregated/multiformat_balanced_summary.csv,experiments/phase_dataset_strengthening/figures/dataset_07_multiformat_coverage.png,experiments/phase_dataset_strengthening/logs/multiformat_balanced_20260910T094422Z_error.txt,ab1d902,read=7001 normalized=7001; Apache N réel conservé
dataset_06_multisource_cnp_e2e,6/7,multisource_cnp_20260910T095810Z,8 real local sources,per_unit_local_CNP_real_agents,RUNNING,2026-09-10T09:58:10.644777+00:00,,python scripts/run_multisource_cnp_e2e_strengthening.py,experiments/phase_dataset_strengthening/configs/dataset_strengthening_protocol.json,,,,experiments/phase_dataset_strengthening/logs/multisource_cnp_20260910T095810Z_error.txt,5dd35ce,
dataset_06_multisource_cnp_e2e,6/7,multisource_cnp_20260910T095810Z,8 real local sources,per_unit_local_CNP_real_agents,COMPLETED,2026-09-10T09:58:10.644777+00:00,2026-09-10T10:00:41.984633+00:00,python scripts/run_multisource_cnp_e2e_strengthening.py,experiments/phase_dataset_strengthening/configs/dataset_strengthening_protocol.json,experiments/phase_dataset_strengthening/raw/multisource_cnp_20260910T095810Z_unit_trace.csv,experiments/phase_dataset_strengthening/aggregated/multisource_cnp_e2e_summary.json,experiments/phase_dataset_strengthening/figures/dataset_08_multisource_agent_distribution.png|experiments/phase_dataset_strengthening/figures/dataset_09_multisource_pipeline_funnel.png,experiments/phase_dataset_strengthening/logs/multisource_cnp_20260910T095810Z_error.txt,5dd35ce,input=1401 success=1401 candidates only; no fabricated truth
dataset_07_external_csecicids2018,7/7,external_csecicids2018_20260910T230136Z,CSE-CIC-IDS2018,official_day_scenario_holdout_15Feb_vs_16Feb,RUNNING,2026-09-10T23:01:36.292644+00:00,,python scripts/run_external_csecicids2018_strengthening.py,experiments/phase_dataset_strengthening/configs/external_csecicids2018_protocol.json,,,,experiments/phase_dataset_strengthening/logs/external_csecicids2018_20260910T230136Z_error.txt,280f55f,
dataset_07_external_csecicids2018,7/7,external_csecicids2018_20260910T230136Z,CSE-CIC-IDS2018,official_day_scenario_holdout_15Feb_vs_16Feb,COMPLETED,2026-09-10T23:01:36.292644+00:00,2026-09-10T23:10:27.945136+00:00,python scripts/run_external_csecicids2018_strengthening.py,experiments/phase_dataset_strengthening/configs/external_csecicids2018_protocol.json,experiments/phase_dataset_strengthening/raw/external_csecicids2018_20260910T230136Z_metrics.csv,experiments/phase_dataset_strengthening/aggregated/external_csecicids2018_summary.csv,experiments/phase_dataset_strengthening/figures/dataset_11_external_csecicids2018.png,experiments/phase_dataset_strengthening/logs/external_csecicids2018_20260910T230136Z_error.txt,280f55f,Dataset officiel UNB/AWS; jours et sous-scénarios DoS disjoints; cinq graines corrélées par pools parents.
dataset_07b_external_duplicate_sensitivity,7b/7,external_csecicids2018_sensitivity_20260910T231423Z,CSE-CIC-IDS2018,post_hoc_duplicate_vector_sensitivity,RUNNING,2026-09-10T23:14:23.909556+00:00,,python scripts/run_external_csecicids2018_sensitivity.py,experiments/phase_dataset_strengthening/configs/dataset_strengthening_protocol.json,,,,experiments/phase_dataset_strengthening/logs/external_csecicids2018_sensitivity_20260910T231423Z_error.txt,280f55f,Analyse exploratoire post hoc; ne remplace pas le résultat principal.
dataset_07b_external_duplicate_sensitivity,7b/7,external_csecicids2018_sensitivity_20260910T231423Z,CSE-CIC-IDS2018,post_hoc_duplicate_vector_sensitivity,COMPLETED,2026-09-10T23:14:23.909556+00:00,2026-09-10T23:15:25.767340+00:00,python scripts/run_external_csecicids2018_sensitivity.py,experiments/phase_dataset_strengthening/configs/dataset_strengthening_protocol.json,experiments/phase_dataset_strengthening/raw/external_csecicids2018_sensitivity_20260910T231423Z_metrics.csv,experiments/phase_dataset_strengthening/aggregated/external_csecicids2018_duplicate_sensitivity.csv,,experiments/phase_dataset_strengthening/logs/external_csecicids2018_sensitivity_20260910T231423Z_error.txt,280f55f,Analyse exploratoire post hoc; vecteurs ambigus écartés; résultat principal inchangé.
final_p1_csecicids2018_lr_forensic,P1,final_csecic_lr_forensic_20260910T235954Z,CSE-CIC-IDS2018,temporal_forensic_controls_train15_test16,RUNNING,2026-09-10T23:59:54.429959+00:00,,python scripts/run_final_csecicids2018_lr_forensic.py,experiments/phase_final_scientific_consolidation/configs/final_scientific_consolidation_protocol.json,,,,experiments/phase_final_scientific_consolidation/logs/final_csecic_lr_forensic_20260910T235954Z_error.txt,38f156a,
final_p1_csecicids2018_lr_forensic,P1,final_csecic_lr_forensic_20260910T235954Z,CSE-CIC-IDS2018,temporal_forensic_controls_train15_test16,FAILED,2026-09-10T23:59:54.429959+00:00,2026-09-11T00:00:53.403440+00:00,python scripts/run_final_csecicids2018_lr_forensic.py,experiments/phase_final_scientific_consolidation/configs/final_scientific_consolidation_protocol.json,,,,experiments/phase_final_scientific_consolidation/logs/final_csecic_lr_forensic_20260910T235954Z_error.txt,38f156a,TypeError: Object of type int64 is not JSON serializable
final_p1_csecicids2018_lr_forensic,P1,final_csecic_lr_forensic_20260911T000140Z,CSE-CIC-IDS2018,temporal_forensic_controls_train15_test16,RUNNING,2026-09-11T00:01:40.025092+00:00,,python scripts/run_final_csecicids2018_lr_forensic.py,experiments/phase_final_scientific_consolidation/configs/final_scientific_consolidation_protocol.json,,,,experiments/phase_final_scientific_consolidation/logs/final_csecic_lr_forensic_20260911T000140Z_error.txt,38f156a,
final_p1_csecicids2018_lr_forensic,P1,final_csecic_lr_forensic_20260911T000140Z,CSE-CIC-IDS2018,temporal_forensic_controls_train15_test16,COMPLETED,2026-09-11T00:01:40.025092+00:00,2026-09-11T00:02:46.834800+00:00,python scripts/run_final_csecicids2018_lr_forensic.py,experiments/phase_final_scientific_consolidation/configs/final_scientific_consolidation_protocol.json,experiments/phase_final_scientific_consolidation/raw/final_csecic_lr_forensic_20260911T000140Z_label_permutation.csv,experiments/phase_final_scientific_consolidation/aggregated/external_csecicids2018_lr_forensic_summary.json,experiments/phase_final_scientific_consolidation/figures/dataset_12_external_lr_coefficients.png | experiments/phase_final_scientific_consolidation/figures/dataset_13_external_single_feature_scores.png | experiments/phase_final_scientific_consolidation/figures/dataset_14_external_feature_ablation.png | experiments/phase_final_scientific_consolidation/figures/dataset_15_external_label_permutation.png,experiments/phase_final_scientific_consolidation/logs/final_csecic_lr_forensic_20260911T000140Z_error.txt,38f156a,Conclusion B; 78 mono-features; ablations 0/1/3/5/10 train-only.
final_p2_router_open_set,P2,final_router_open_set_20260911T000746Z,router_multifamily,known_family_leave_one_out_then_frozen_open_set_test,RUNNING,2026-09-11T00:07:46.325057+00:00,,python scripts/run_router_open_set_consolidation.py,experiments/phase_final_scientific_consolidation/configs/final_scientific_consolidation_protocol.json,,,,experiments/phase_final_scientific_consolidation/logs/final_router_open_set_20260911T000746Z_error.txt,38f156a,
final_p2_router_open_set,P2,final_router_open_set_20260911T000746Z,router_multifamily,known_family_leave_one_out_then_frozen_open_set_test,COMPLETED,2026-09-11T00:07:46.325057+00:00,2026-09-11T00:07:50.354875+00:00,python scripts/run_router_open_set_consolidation.py,experiments/phase_final_scientific_consolidation/configs/final_scientific_consolidation_protocol.json,experiments/phase_final_scientific_consolidation/raw/final_router_open_set_20260911T000746Z_routes.csv,experiments/phase_final_scientific_consolidation/aggregated/router_open_set_summary.json,experiments/phase_final_scientific_consolidation/figures/dataset_16_router_open_set_tradeoff.png,experiments/phase_final_scientific_consolidation/logs/final_router_open_set_20260911T000746Z_error.txt,38f156a,Thresholds validation-only; unknown rejection=1.000000.
