feature,seeds,precision_n,precision_mean,precision_sample_std,precision_median,precision_min,precision_max,precision_ci95_low,precision_ci95_high,recall_n,recall_mean,recall_sample_std,recall_median,recall_min,recall_max,recall_ci95_low,recall_ci95_high,f1_n,f1_mean,f1_sample_std,f1_median,f1_min,f1_max,f1_ci95_low,f1_ci95_high,pr_auc_n,pr_auc_mean,pr_auc_sample_std,pr_auc_median,pr_auc_min,pr_auc_max,pr_auc_ci95_low,pr_auc_ci95_high,mcc_n,mcc_mean,mcc_sample_std,mcc_median,mcc_min,mcc_max,mcc_ci95_low,mcc_ci95_high,fpr_n,fpr_mean,fpr_sample_std,fpr_median,fpr_min,fpr_max,fpr_ci95_low,fpr_ci95_high
ACK Flag Cnt,"42,43,44,45,46",5,0.4279254386024289,0.0001040418622257163,0.4279663442275771,0.4277453337913661,0.42800732516882223,0.42783424188926344,0.4280166353155943,5,0.74762,0.0003114482300479608,0.7477,0.7471,0.7479,0.7473470035897671,0.7478929964102328,5,0.5443015710315794,0.0001663613901439361,0.5443558661861599,0.5440180586907449,0.5444420179078402,0.5441557488437196,0.5444473932194391,5,0.44611564211576604,5.5562109693798086e-05,0.44613939792823215,0.4460185388755296,0.44615667849376217,0.44606693977930056,0.4461643444522315,5,-0.3788581999818653,0.00030278907431068014,-0.37874683530624537,-0.3793930032512669,-0.3786604258871104,-0.37912360630744246,-0.3785927936562882,5,0.99946,5.477225575057139e-05,0.9995,0.9994,0.9995,0.9994119900010414,0.9995080099989586
Active Max,"42,43,44,45,46",5,0.0,0.0,0.0,0.0,0.0,0.0,0.0,5,0.0,0.0,0.0,0.0,0.0,0.0,0.0,5,0.0,0.0,0.0,0.0,0.0,0.0,0.0,5,0.4989709686331218,0.0001705952009705389,0.49894841636133325,0.4987790150944312,0.49918213815881335,0.4988214353464477,0.4991205019197959,5,-0.00624284676461473,0.003713213660120293,-0.007071244595190174,-0.010000500037503125,0.0,-0.009497622042946562,-0.002988071486282898,5,0.0001,7.071067811865475e-05,0.0001,0.0,0.0002,3.801935786069976e-05,0.00016198064213930025
Active Mean,"42,43,44,45,46",5,0.0,0.0,0.0,0.0,0.0,0.0,0.0,5,0.0,0.0,0.0,0.0,0.0,0.0,0.0,5,0.0,0.0,0.0,0.0,0.0,0.0,0.0,5,0.4989709686331218,0.0001705952009705389,0.49894841636133325,0.4987790150944312,0.49918213815881335,0.4988214353464477,0.4991205019197959,5,-0.00624284676461473,0.003713213660120293,-0.007071244595190174,-0.010000500037503125,0.0,-0.009497622042946562,-0.002988071486282898,5,0.0001,7.071067811865475e-05,0.0001,0.0,0.0002,3.801935786069976e-05,0.00016198064213930025
Active Min,"42,43,44,45,46",5,0.0,0.0,0.0,0.0,0.0,0.0,0.0,5,0.0,0.0,0.0,0.0,0.0,0.0,0.0,5,0.0,0.0,0.0,0.0,0.0,0.0,0.0,5,0.4989709686331218,0.0001705952009705389,0.49894841636133325,0.4987790150944312,0.49918213815881335,0.4988214353464477,0.4991205019197959,5,-0.00624284676461473,0.003713213660120293,-0.007071244595190174,-0.010000500037503125,0.0,-0.009497622042946562,-0.002988071486282898,5,0.0001,7.071067811865475e-05,0.0001,0.0,0.0002,3.801935786069976e-05,0.00016198064213930025
Active Std,"42,43,44,45,46",5,0.0,0.0,0.0,0.0,0.0,0.0,0.0,5,0.0,0.0,0.0,0.0,0.0,0.0,0.0,5,0.0,0.0,0.0,0.0,0.0,0.0,0.0,5,0.5,0.0,0.5,0.5,0.5,0.5,0.5,5,-0.0028284978380760696,0.0038730801744221452,0.0,-0.007071244595190174,0.0,-0.006223402294583416,0.0005664066184312764,5,4e-05,5.4772255750516614e-05,0.0,0.0,0.0001,-8.009998958550284e-06,8.80099989585503e-05
Bwd Blk Rate Avg,"42,43,44,45,46",5,0.0,0.0,0.0,0.0,0.0,0.0,0.0,5,0.0,0.0,0.0,0.0,0.0,0.0,0.0,5,0.0,0.0,0.0,0.0,0.0,0.0,0.0,5,0.5,0.0,0.5,0.5,0.5,0.5,0.5,5,0.0,0.0,0.0,0.0,0.0,0.0,0.0,5,0.0,0.0,0.0,0.0,0.0,0.0,0.0
Bwd Byts/b Avg,"42,43,44,45,46",5,0.0,0.0,0.0,0.0,0.0,0.0,0.0,5,0.0,0.0,0.0,0.0,0.0,0.0,0.0,5,0.0,0.0,0.0,0.0,0.0,0.0,0.0,5,0.5,0.0,0.5,0.5,0.5,0.5,0.5,5,0.0,0.0,0.0,0.0,0.0,0.0,0.0,5,0.0,0.0,0.0,0.0,0.0,0.0,0.0
Bwd Header Len,"42,43,44,45,46",5,0.991853514919206,0.0006263559778900873,0.9915219189412737,0.9912035599710235,0.9926141683137418,0.9913044896976932,0.9924025401407188,5,0.95686,0.0017938784797192579,0.957,0.9542,0.959,0.9552875961841818,0.9584324038158183,5,0.9740414871952521,0.0007569855340934417,0.9742155317093018,0.9730280936113802,0.9749898332655551,0.973377960119263,0.9747050142712411,5,0.974146697773584,0.0010324848690262394,0.9745592620960344,0.972637859059267,0.975280851881364,0.973241684883254,0.9750517106639139,5,0.9495930336878464,0.0013696123385064942,0.9498395148432254,0.9478100287513356,0.9513118673886066,0.9483925155414911,0.9507935518342018,5,0.00786,0.0006188699378706323,0.0082,0.0071,0.0085,0.007317536581878557,0.008402463418121444
Bwd IAT Max,"42,43,44,45,46",5,0.0963713670840586,0.010119973294437644,0.1,0.08241758241758242,0.10628019323671498,0.08750081938305534,0.10524191478506187,5,0.0018800000000000002,0.00032710854467592253,0.0019,0.0015,0.0022,0.0015932767187687754,0.0021667232812312247,5,0.00368773461283792,0.0006365895513425264,0.003729146221786065,0.0029463759575721863,0.004310767120603507,0.003129739268695271,0.004245729956980569,5,0.4834725033368975,0.0007690255362498139,0.483728102058042,0.48232124710930463,0.48432745799667287,0.48279842273370627,0.48414658394008875,5,-0.07979516198469146,0.0016379419380811039,-0.08003463744082517,-0.08202389726564413,-0.07804193672215476,-0.08123088139525632,-0.0783594425741266,5,0.01752,0.0011713240371477058,0.0171,0.0163,0.019,0.01649328921306923,0.01854671078693077
Bwd IAT Mean,"42,43,44,45,46",5,0.09657498485550707,0.010163349873566511,0.1,0.08241758241758242,0.10679611650485436,0.08766641590651489,0.10548355380449925,5,0.0018800000000000002,0.00032710854467592253,0.0019,0.0015,0.0022,0.0015932767187687754,0.0021667232812312247,5,0.0036878808629436516,0.0006366269397732576,0.003729146221786065,0.0029463759575721863,0.004311189496374682,0.0031298527463965095,0.004245908979490794,5,0.4821997504945408,0.0007866802292254892,0.4822422087943845,0.4810436248802546,0.4831423650939175,0.4815101948706523,0.4828893061184293,5,-0.07967166664293457,0.0016962668954379973,-0.08003463744082517,-0.08202389726564413,-0.07772650120418555,-0.08115851013271787,-0.07818482315315127,5,0.01748,0.0011777096416349829,0.0171,0.0162,0.019,0.016447691983950526,0.018512308016049472
Bwd IAT Min,"42,43,44,45,46",5,0.0,0.0,0.0,0.0,0.0,0.0,0.0,5,0.0,0.0,0.0,0.0,0.0,0.0,0.0,5,0.0,0.0,0.0,0.0,0.0,0.0,0.0,5,0.4794466885768025,0.0008877083267477197,0.47943915325803776,0.47816313327284293,0.48047959093073345,0.4786685779209847,0.4802247992326203,5,0.0,0.0,0.0,0.0,0.0,0.0,0.0,5,0.0,0.0,0.0,0.0,0.0,0.0,0.0
Bwd IAT Std,"42,43,44,45,46",5,0.21550393151750394,0.05393186939395996,0.22338204592901878,0.139186295503212,0.27808471454880296,0.16823056367903827,0.2627772993559696,5,0.010780000000000001,0.003384080377296024,0.0107,0.0065,0.0151,0.00781372276413684,0.013746277235863164,5,0.020529009279930278,0.006379742900941131,0.020421795972898178,0.012419986624629788,0.028644598311675994,0.014936918068183657,0.0261211004916769,5,0.48257454192091653,0.0007718576017189623,0.4826189147106954,0.4814491768152664,0.4835133544668069,0.48189797890289027,0.4832511049389428,5,-0.09006553599397123,0.014363416187973762,-0.0866616765292757,-0.11158016147090254,-0.07414454225562242,-0.10265562538825987,-0.07747544659968258,5,0.03862,0.0012497999839974404,0.039,0.0372,0.0402,0.0375245020127814,0.0397154979872186
Bwd IAT Tot,"42,43,44,45,46",5,0.0963713670840586,0.010119973294437644,0.1,0.08241758241758242,0.10628019323671498,0.08750081938305534,0.10524191478506187,5,0.0018800000000000002,0.00032710854467592253,0.0019,0.0015,0.0022,0.0015932767187687754,0.0021667232812312247,5,0.00368773461283792,0.0006365895513425264,0.003729146221786065,0.0029463759575721863,0.004310767120603507,0.003129739268695271,0.004245729956980569,5,0.4835417138801373,0.0007764649813578246,0.48377347537910004,0.48242958710098993,0.4844216554706627,0.4828611123157953,0.48422231544447925,5,-0.07979516198469146,0.0016379419380811039,-0.08003463744082517,-0.08202389726564413,-0.07804193672215476,-0.08123088139525632,-0.0783594425741266,5,0.01752,0.0011713240371477058,0.0171,0.0163,0.019,0.01649328921306923,0.01854671078693077
Bwd PSH Flags,"42,43,44,45,46",5,0.0,0.0,0.0,0.0,0.0,0.0,0.0,5,0.0,0.0,0.0,0.0,0.0,0.0,0.0,5,0.0,0.0,0.0,0.0,0.0,0.0,0.0,5,0.5,0.0,0.5,0.5,0.5,0.5,0.5,5,0.0,0.0,0.0,0.0,0.0,0.0,0.0,5,0.0,0.0,0.0,0.0,0.0,0.0,0.0
Bwd Pkt Len Max,"42,43,44,45,46",5,0.3465632325627069,0.014056832263276874,0.3504410585404972,0.32308904649330183,0.360062893081761,0.33424187582701914,0.3588845892983946,5,0.04314,0.0017938784797192921,0.043,0.041,0.0458,0.04156759618418168,0.04471240381581831,5,0.07672618840071646,0.0031416463298439778,0.07666250668568372,0.072765995208093,0.08126330731014904,0.07397241397683726,0.07947996282459566,5,0.5213908878770042,0.0009245144223595476,0.5213009259259259,0.5202021791767555,0.5227008695652174,0.5205805152559309,0.5222012604980775,5,-0.07907800341116651,0.00757103229631918,-0.07713300091981258,-0.0920947870534153,-0.07293915739602234,-0.0857143058179376,-0.07244170100439543,5,0.08136,0.0027409852243308465,0.081,0.0788,0.0859,0.0789574205195249,0.08376257948047511
Bwd Pkt Len Mean,"42,43,44,45,46",5,0.14292356666057998,0.013842076839404199,0.14389199868291078,0.12105107764983762,0.15897257896563693,0.13079045135360814,0.15505668196755182,5,0.04314,0.0017938784797192921,0.043,0.041,0.0458,0.04156759618418168,0.04471240381581831,5,0.06623622149553224,0.0035610777242634398,0.066671835025971,0.06125345484425189,0.07111249126620604,0.06311479924460382,0.06935764374646065,5,0.5116879010688243,0.0006923699653639897,0.5118109885194573,0.5105996696911811,0.5125258131280035,0.5110810120360362,0.5122947901016125,5,-0.30226041129821823,0.02385977790810458,-0.2983410030783071,-0.3422112146913466,-0.27980258959580867,-0.3231744287478015,-0.28134639384863497,5,0.26022,0.02202037692683757,0.2542,0.2423,0.2977,0.24091828859815795,0.27952171140184207
Bwd Pkt Len Min,"42,43,44,45,46",5,0.5000050002500125,1.1180898932466855e-05,0.5,0.5,0.5000250012500626,0.49999519975998796,0.500014800740037,5,1.0,0.0,1.0,1.0,1.0,1.0,1.0,5,0.6666711112592641,9.938411180394382e-06,0.6666666666666666,0.6666666666666666,0.6666888896296543,0.666662399857773,0.6666798226607553,5,0.5000050002500125,1.1180898932466855e-05,0.5,0.5,0.5000250012500626,0.49999519975998796,0.500014800740037,5,0.0014142489190380348,0.003162356720074642,0.0,0.0,0.007071244595190174,-0.001357678962276513,0.004186176800352583,5,0.9999800000000001,4.472135954999087e-05,1.0,0.9999,1.0,0.9999408000000001,1.0000192
Bwd Pkt Len Std,"42,43,44,45,46",5,0.04781415063463522,0.001961879151511377,0.04766655581421129,0.04504504504504504,0.050385038503850385,0.046094487737238954,0.049533813532031484,5,0.04314,0.0017938784797192921,0.043,0.041,0.0458,0.04156759618418168,0.04471240381581831,5,0.045356355951391626,0.0018650850009133476,0.04521318542663372,0.04292744215265417,0.04798323729701414,0.043721536867815484,0.04699117503496777,5,0.52157,0.0008969392398596715,0.5215,0.5205,0.5229,0.5207837980920907,0.5223562019079092,5,-0.8199206156641236,0.007360556182066135,-0.8200392578225763,-0.8315596519497374,-0.8130854237297116,-0.8263724276224436,-0.8134688037058035,5,0.8591200000000001,0.007457010124708133,0.8591,0.8506,0.8692,0.8525836424332814,0.8656563575667188
Bwd Pkts/b Avg,"42,43,44,45,46",5,0.0,0.0,0.0,0.0,0.0,0.0,0.0,5,0.0,0.0,0.0,0.0,0.0,0.0,0.0,5,0.0,0.0,0.0,0.0,0.0,0.0,0.0,5,0.5,0.0,0.5,0.5,0.5,0.5,0.5,5,0.0,0.0,0.0,0.0,0.0,0.0,0.0,5,0.0,0.0,0.0,0.0,0.0,0.0,0.0
Bwd Pkts/s,"42,43,44,45,46",5,1.0,0.0,1.0,1.0,1.0,1.0,1.0,5,0.22643999999999997,0.0019073541883981551,0.2269,0.2238,0.2289,0.2247681303400085,0.22811186965999145,5,0.3692607296831928,0.0025366887481377744,0.36987529546010267,0.36574603693413954,0.37252827732118154,0.3670372239595836,0.371484235406802,5,0.6295695930697526,0.0004288033133101514,0.6298494986787513,0.629006935732843,0.6299189346353877,0.6291937303935974,0.6299454557459078,5,0.3573151946603278,0.0016973519201479697,0.35772610431693946,0.3549638353415815,0.3595020364183243,0.3558274001044531,0.3588029892162025,5,0.0,0.0,0.0,0.0,0.0,0.0,0.0
Bwd Seg Size Avg,"42,43,44,45,46",5,0.14292356666057998,0.013842076839404199,0.14389199868291078,0.12105107764983762,0.15897257896563693,0.13079045135360814,0.15505668196755182,5,0.04314,0.0017938784797192921,0.043,0.041,0.0458,0.04156759618418168,0.04471240381581831,5,0.06623622149553224,0.0035610777242634398,0.066671835025971,0.06125345484425189,0.07111249126620604,0.06311479924460382,0.06935764374646065,5,0.5116879010688243,0.0006923699653639897,0.5118109885194573,0.5105996696911811,0.5125258131280035,0.5110810120360362,0.5122947901016125,5,-0.30226041129821823,0.02385977790810458,-0.2983410030783071,-0.3422112146913466,-0.27980258959580867,-0.3231744287478015,-0.28134639384863497,5,0.26022,0.02202037692683757,0.2542,0.2423,0.2977,0.24091828859815795,0.27952171140184207
Bwd URG Flags,"42,43,44,45,46",5,0.0,0.0,0.0,0.0,0.0,0.0,0.0,5,0.0,0.0,0.0,0.0,0.0,0.0,0.0,5,0.0,0.0,0.0,0.0,0.0,0.0,0.0,5,0.5,0.0,0.5,0.5,0.5,0.5,0.5,5,0.0,0.0,0.0,0.0,0.0,0.0,0.0,5,0.0,0.0,0.0,0.0,0.0,0.0,0.0
CWE Flag Count,"42,43,44,45,46",5,0.0,0.0,0.0,0.0,0.0,0.0,0.0,5,0.0,0.0,0.0,0.0,0.0,0.0,0.0,5,0.0,0.0,0.0,0.0,0.0,0.0,0.0,5,0.5,0.0,0.5,0.5,0.5,0.5,0.5,5,0.0,0.0,0.0,0.0,0.0,0.0,0.0,5,0.0,0.0,0.0,0.0,0.0,0.0,0.0
Down/Up Ratio,"42,43,44,45,46",5,0.44407647731180777,0.0011212004015452933,0.44356891744453875,0.442769808122995,0.4454296993622836,0.4430937018286197,0.44505925279499586,5,0.7327600000000001,0.0011502173707608283,0.7328,0.7315,0.7343,0.7317517900218705,0.7337682099781296,5,0.5530103241542755,0.0011655733042811815,0.5526186795369707,0.5516383243467441,0.5542414509729832,0.5519886541069519,0.5540319942015992,5,0.45941761594721486,0.0007950572359201085,0.45908026808194236,0.45850632020727544,0.4603859503291903,0.45872071755321087,0.46011451434121886,5,-0.24289687492421824,0.005691118509772469,-0.24496608201012354,-0.2494285424337722,-0.23554424653752726,-0.2478853602437148,-0.2379083896047217,5,0.9173200000000001,0.0029961642144582055,0.918,0.9131,0.9206,0.91469374627273,0.9199462537272702
Dst Port,"42,43,44,45,46",5,0.9994403158205027,5.471205607520213e-05,0.9994003597841296,0.9994003597841296,0.9995002498750625,0.9993923585888862,0.9994882730521193,5,1.0,0.0,1.0,1.0,1.0,1.0,1.0,5,0.9997200789775563,2.737107173299456e-05,0.9997000899730081,0.9997000899730081,0.9997500624843789,0.9996960871753676,0.999744070779745,5,0.9992276442127741,0.0001880438079075965,0.999235977235625,0.9990375175334554,0.9994148172749068,0.9990628165477802,0.999392471877768,5,0.9994401579102385,5.474215591738665e-05,0.9994001798920487,0.9994001798920487,0.9995001249375234,0.999392174294947,0.9994881415255301,5,0.00056,5.477225575051658e-05,0.0006,0.0005,0.0006,0.0005119900010414497,0.0006080099989585502
ECE Flag Cnt,"42,43,44,45,46",5,0.5,0.0,0.5,0.5,0.5,0.5,0.5,5,1.0,0.0,1.0,1.0,1.0,1.0,1.0,5,0.6666666666666666,0.0,0.6666666666666666,0.6666666666666666,0.6666666666666666,0.6666666666666666,0.6666666666666666,5,0.5,0.0,0.5,0.5,0.5,0.5,0.5,5,0.0,0.0,0.0,0.0,0.0,0.0,0.0,5,1.0,0.0,1.0,1.0,1.0,1.0,1.0
FIN Flag Cnt,"42,43,44,45,46",5,0.49938924254429773,8.790369076701243e-05,0.49939927913496196,0.4992488733099649,0.4994744481705791,0.4993121915621107,0.49946629352648475,5,0.99756,0.00035071355833500936,0.9976,0.997,0.9979,0.9972525860120294,0.9978674139879706,5,0.6655813248748303,0.00015613954290333429,0.6655991459834534,0.665331998665332,0.6657326795423463,0.6654444625311225,0.6657181872185381,5,0.4993907574557023,8.745309001923187e-05,0.49940072086503806,0.499251126690035,0.4994755518294209,0.49931410144248517,0.4994674134689195,5,-0.034880684634815924,0.0024629126078556727,-0.03466181948594291,-0.03875891355636926,-0.032420728845011855,-0.0370395227202281,-0.03272184654940375,5,1.0,0.0,1.0,1.0,1.0,1.0,1.0
Flow Byts/s,"42,43,44,45,46",5,0.4996246198034074,0.00020654434850850772,0.49964975482837987,0.49929894842263395,0.499799899949975,0.4994435756995831,0.4998056639072317,5,0.99842,0.0008288546314040885,0.9986,0.9971,0.9991,0.9976934768826802,0.9991465231173198,5,0.6659817615659949,0.000367774728097455,0.6660441539385047,0.6653987320653987,0.6662887629209736,0.6656593928033614,0.6663041303286283,5,0.9726002708038838,0.0008406614793442655,0.9723664338701524,0.971517474375747,0.9736180206511524,0.971863398528043,0.9733371430797245,5,-0.025203709934136155,0.0076575884748461,-0.026466778104640317,-0.036174985985944645,-0.01789301763370338,-0.031915882176538284,-0.018491537691734027,5,0.99992,4.472135954999087e-05,0.9999,0.9999,1.0,0.9998808,0.9999592
Flow Duration,"42,43,44,45,46",5,0.11904584796647977,0.005565307302292558,0.12,0.11052631578947368,0.12556053811659193,0.11416764103258774,0.1239240549003718,5,0.00242,0.00028635642126552705,0.0024,0.0021,0.0028,0.002168997529892632,0.0026710024701073675,5,0.004743139249796884,0.0005541034776323273,0.004705882352941176,0.0041216879293424925,0.0054778440770810915,0.004257446137115356,0.005228832362478412,5,0.31005191716156133,0.00011522152912594416,0.31005000637589636,0.30992257407369594,0.3102236033593369,0.30995092103829525,0.3101529132848274,5,-0.07704190232091278,0.0020952729936337964,-0.07638287395970011,-0.0795213662177798,-0.07429166888445324,-0.07887849007622516,-0.0752053145656004,5,0.01786,0.0012660963628413125,0.0176,0.0165,0.0195,0.01675021760691566,0.01896978239308434
Flow IAT Max,"42,43,44,45,46",5,0.11904584796647977,0.005565307302292558,0.12,0.11052631578947368,0.12556053811659193,0.11416764103258774,0.1239240549003718,5,0.00242,0.00028635642126552705,0.0024,0.0021,0.0028,0.002168997529892632,0.0026710024701073675,5,0.004743139249796884,0.0005541034776323273,0.004705882352941176,0.0041216879293424925,0.0054778440770810915,0.004257446137115356,0.005228832362478412,5,0.3101133052335414,0.00013355365584301516,0.3101095731678185,0.3099815515572462,0.31031095044313023,0.3099962402927228,0.31023037017436,5,-0.07704190232091278,0.0020952729936337964,-0.07638287395970011,-0.0795213662177798,-0.07429166888445324,-0.07887849007622516,-0.0752053145656004,5,0.01786,0.0012660963628413125,0.0176,0.0165,0.0195,0.01675021760691566,0.01896978239308434
Flow IAT Mean,"42,43,44,45,46",5,0.11928643029961386,0.005598023730831133,0.12,0.11052631578947368,0.12556053811659193,0.11437954615171006,0.12419331444751766,5,0.00242,0.00028635642126552705,0.0024,0.0021,0.0028,0.002168997529892632,0.0026710024701073675,5,0.004743323754464677,0.0005541006831564527,0.004705882352941176,0.0041216879293424925,0.0054778440770810915,0.004257633091249252,0.005229014417680102,5,0.31000959334296396,0.00012026441510420493,0.31002052020303883,0.3098938824237218,0.31018220072176583,0.30990417693524464,0.3101150097506833,5,-0.0769163327683285,0.0021465556079078413,-0.07638287395970011,-0.0795213662177798,-0.07396832647435016,-0.07879787171698051,-0.0750347938196765,5,0.017820000000000003,0.0012755391017134677,0.0176,0.0164,0.0195,0.016701940681358992,0.018938059318641013
Flow IAT Min,"42,43,44,45,46",5,0.0,0.0,0.0,0.0,0.0,0.0,0.0,5,0.0,0.0,0.0,0.0,0.0,0.0,0.0,5,0.0,0.0,0.0,0.0,0.0,0.0,0.0,5,0.8712975951544284,0.0016820929466683867,0.8717394147367727,0.8690674261649213,0.8734277163739579,0.8698231756785249,0.8727720146303319,5,-0.012775219528199743,0.00292131676924295,-0.0122483673759202,-0.015813365095036138,-0.010000500037503125,-0.015335866577095967,-0.01021457247930352,5,0.00033999999999999997,0.000151657508881031,0.0003,0.0002,0.0005,0.00020706633233074474,0.0004729336676692552
Flow IAT Std,"42,43,44,45,46",5,0.12131883178196054,0.006236322170478155,0.12307692307692308,0.11170212765957446,0.12844036697247707,0.11585245438327149,0.1267852091806496,5,0.00242,0.00028635642126552705,0.0024,0.0021,0.0028,0.002168997529892632,0.0026710024701073675,5,0.0047449521383844655,0.0005547961791186362,0.0047081902893575285,0.004122497055359246,0.00548052456449403,0.004258651846079229,0.005231252430689702,5,0.4376806458841864,0.0006316348869908675,0.4377873312003718,0.4367305061817234,0.43827133519367645,0.4371269934948318,0.43823429827354105,5,-0.07585689106149325,0.0019333555152594092,-0.07565014617009305,-0.0780102498718801,-0.07331808741635137,-0.07755155188935657,-0.07416223023362993,5,0.01748,0.0011777096416349829,0.0171,0.0162,0.019,0.016447691983950526,0.018512308016049472
Flow Pkts/s,"42,43,44,45,46",5,0.4353996656786866,0.0006578786957412136,0.4352761775669265,0.4344850986823503,0.436270364733074,0.4348230095767131,0.4359763217806601,5,0.77112,0.0020498780451529445,0.7707,0.7683,0.7739,0.7693232026714178,0.7729167973285822,5,0.5565517379040406,0.0010712176633099393,0.5563415866599293,0.5550698984936604,0.5579869497818956,0.5556127742226076,0.5574907015854735,5,0.3099741939489464,0.0001217805967758877,0.309988989243801,0.3098540749363594,0.3101516719530996,0.3098674485493957,0.31008093934849706,5,-0.3593469650860478,0.0018651847303567844,-0.3596314603668853,-0.36198038984909037,-0.3570143842114096,-0.3609818715863354,-0.3577120585857602,5,0.9999400000000002,8.944271909998174e-05,1.0,0.9998,1.0,0.9998616000000001,1.0000184
Fwd Act Data Pkts,"42,43,44,45,46",5,0.49946424313168897,0.0001811996632252997,0.49942428035043807,0.49927365626408854,0.4996996996996997,0.499305414624016,0.4996230716393619,5,0.9975999999999999,0.0006819090848492706,0.9976,0.9967,0.9984,0.9970022803332664,0.9981977196667334,5,0.6656568295859655,0.00031105295051319097,0.6656213511259382,0.6652871875312886,0.666044029352902,0.6653841796535214,0.6659294795184096,5,0.9687273036205859,0.0007914304345885665,0.9681971724213804,0.9681277240702825,0.9697834156982705,0.9680335842581146,0.9694210229830572,5,-0.028977223071910446,0.007089793700430046,-0.03254726033315235,-0.03547846809244318,-0.01898315991504998,-0.0351917012508701,-0.02276274489295079,5,0.9997400000000001,0.00015165750888101431,0.9997,0.9996,0.9999,0.9996070663323309,0.9998729336676693
Fwd Blk Rate Avg,"42,43,44,45,46",5,0.0,0.0,0.0,0.0,0.0,0.0,0.0,5,0.0,0.0,0.0,0.0,0.0,0.0,0.0,5,0.0,0.0,0.0,0.0,0.0,0.0,0.0,5,0.5,0.0,0.5,0.5,0.5,0.5,0.5,5,0.0,0.0,0.0,0.0,0.0,0.0,0.0,5,0.0,0.0,0.0,0.0,0.0,0.0,0.0
Fwd Byts/b Avg,"42,43,44,45,46",5,0.0,0.0,0.0,0.0,0.0,0.0,0.0,5,0.0,0.0,0.0,0.0,0.0,0.0,0.0,5,0.0,0.0,0.0,0.0,0.0,0.0,0.0,5,0.5,0.0,0.5,0.5,0.5,0.5,0.5,5,0.0,0.0,0.0,0.0,0.0,0.0,0.0,5,0.0,0.0,0.0,0.0,0.0,0.0,0.0
Fwd Header Len,"42,43,44,45,46",5,0.020128781305648536,0.0007057997146936089,0.02001188825044581,0.019305019305019305,0.021259764659349353,0.01951012057855103,0.020747442032746043,5,0.02034,0.0007231873892705812,0.0202,0.0195,0.0215,0.01970609830415119,0.020973901695848812,5,0.02023383676076345,0.0007143907473151108,0.020105504130586243,0.01940201980000995,0.021379207477750708,0.019607645661554013,0.020860027859972888,5,0.40455738881397396,0.0007624864587999075,0.4042270780976177,0.40392294074983304,0.40578387760186696,0.4038890399648845,0.4052257376630634,5,-0.9698535215507776,0.0011615655797154022,-0.9699514524394781,-0.9711495347453117,-0.9683618270345835,-0.9708716786726321,-0.9688353644289232,5,0.9901399999999999,0.0006985699678629321,0.9901,0.9892,0.991,0.9895276764254088,0.990752323574591
Fwd IAT Max,"42,43,44,45,46",5,0.11893282905754692,0.005508576775286879,0.12,0.11052631578947368,0.12556053811659193,0.11410434862305024,0.12376130949204359,5,0.00242,0.00028635642126552705,0.0024,0.0021,0.0028,0.002168997529892632,0.0026710024701073675,5,0.004743039571842936,0.0005540252843057696,0.004705882352941176,0.0041216879293424925,0.0054778440770810915,0.004257414998634088,0.005228664145051784,5,0.31532515834737396,0.00013671829374335587,0.31535278905416897,0.3151241128605424,0.3154571943648271,0.3152053194791314,0.31544499721561653,5,-0.07710261015537,0.002159743480987995,-0.07638287395970011,-0.0795213662177798,-0.07429166888445324,-0.07899570878445086,-0.07520951152628913,5,0.01788,0.0012853015210447702,0.0176,0.0165,0.0195,0.016753383543525128,0.019006616456474872
Fwd IAT Mean,"42,43,44,45,46",5,0.11928643029961386,0.005598023730831133,0.12,0.11052631578947368,0.12556053811659193,0.11437954615171006,0.12419331444751766,5,0.00242,0.00028635642126552705,0.0024,0.0021,0.0028,0.002168997529892632,0.0026710024701073675,5,0.004743323754464677,0.0005541006831564527,0.004705882352941176,0.0041216879293424925,0.0054778440770810915,0.004257633091249252,0.005229014417680102,5,0.3165223125889744,0.00021769841430593895,0.3164387673033872,0.31633253275206186,0.3168045259159333,0.31633149151540546,0.31671313366254333,5,-0.0769163327683285,0.0021465556079078413,-0.07638287395970011,-0.0795213662177798,-0.07396832647435016,-0.07879787171698051,-0.0750347938196765,5,0.017820000000000003,0.0012755391017134677,0.0176,0.0164,0.0195,0.016701940681358992,0.018938059318641013
Fwd IAT Min,"42,43,44,45,46",5,0.0,0.0,0.0,0.0,0.0,0.0,0.0,5,0.0,0.0,0.0,0.0,0.0,0.0,0.0,5,0.0,0.0,0.0,0.0,0.0,0.0,0.0,5,0.7858335109284158,0.003521517666606371,0.7852182810665342,0.7810109351157408,0.7905077661075468,0.7827467645969085,0.7889202572599231,5,-0.012775219528199743,0.00292131676924295,-0.0122483673759202,-0.015813365095036138,-0.010000500037503125,-0.015335866577095967,-0.01021457247930352,5,0.00033999999999999997,0.000151657508881031,0.0003,0.0002,0.0005,0.00020706633233074474,0.0004729336676692552
Fwd IAT Std,"42,43,44,45,46",5,0.019076911812618898,0.0008389253052875014,0.01903276131045242,0.018269634607307853,0.020299812617114305,0.018341561360437193,0.019812262264800602,5,0.01832,0.0008642916174532762,0.0183,0.0174,0.0195,0.01756241499486856,0.019077585005131438,5,0.01869068388067873,0.0008515314224591738,0.018659189395870506,0.01782421634910879,0.01989186983576456,0.017944283679605176,0.019437084081752286,5,0.4381633560552385,0.0006660774053961264,0.43815261091832225,0.437219585980178,0.43886204847617966,0.43757951346739543,0.43874719864308154,5,-0.9243213591615739,0.004233585227703389,-0.9249626501270912,-0.9301004542747673,-0.9186413005252935,-0.9280322602297859,-0.9206104580933618,5,0.9419000000000001,0.00480104155366311,0.9418,0.935,0.9484,0.9376917015314976,0.9461082984685025
Fwd IAT Tot,"42,43,44,45,46",5,0.11904584796647977,0.005565307302292558,0.12,0.11052631578947368,0.12556053811659193,0.11416764103258774,0.1239240549003718,5,0.00242,0.00028635642126552705,0.0024,0.0021,0.0028,0.002168997529892632,0.0026710024701073675,5,0.004743139249796884,0.0005541034776323273,0.004705882352941176,0.0041216879293424925,0.0054778440770810915,0.004257446137115356,0.005228832362478412,5,0.31531796632716885,0.0001227359721083121,0.31536045289046527,0.315119357256057,0.31542451943330674,0.3152103835042167,0.315425549150121,5,-0.07704190232091278,0.0020952729936337964,-0.07638287395970011,-0.0795213662177798,-0.07429166888445324,-0.07887849007622516,-0.0752053145656004,5,0.01786,0.0012660963628413125,0.0176,0.0165,0.0195,0.01675021760691566,0.01896978239308434
Fwd PSH Flags,"42,43,44,45,46",5,0.0,0.0,0.0,0.0,0.0,0.0,0.0,5,0.0,0.0,0.0,0.0,0.0,0.0,0.0,5,0.0,0.0,0.0,0.0,0.0,0.0,0.0,5,0.5,0.0,0.5,0.5,0.5,0.5,0.5,5,-0.007864122409223325,0.004765052443690158,-0.010000500037503125,-0.0122483673759202,0.0,-0.012040875031956857,-0.0036873697864897937,5,0.00015999999999999999,0.00011401754250991379,0.0002,0.0,0.0003,6.0059217533581414e-05,0.00025994078246641854
Fwd Pkt Len Max,"42,43,44,45,46",5,0.041743661356180614,0.0016440449708655723,0.04159411878506481,0.03976335951896033,0.044170122480470635,0.04030259240151516,0.04318473031084607,5,0.04314,0.0017938784797192921,0.043,0.041,0.0458,0.04156759618418168,0.04471240381581831,5,0.04243030265035931,0.0017168907926715523,0.042285377126561115,0.04037221210181675,0.04497029800186558,0.04092538151759533,0.04393522378312329,5,0.4793555715517672,0.0008212269122716043,0.47941751290085144,0.47813879982761864,0.48033663022326994,0.4786357344250569,0.48007540867847753,5,-0.9476300411805745,0.001403234065777174,-0.9475702299557052,-0.9495593227285211,-0.9459442229264836,-0.9488600300702675,-0.9464000522908814,5,0.99024,0.000719722168617875,0.9901,0.9893,0.9911,0.9896091357039744,0.9908708642960257
Fwd Pkt Len Mean,"42,43,44,45,46",5,0.041242106759073374,0.001796596243352615,0.04103755323267518,0.03939070534588144,0.043893497974146246,0.03966732071839655,0.0428168927997502,5,0.04259999999999999,0.0019583156027566146,0.0424,0.0406,0.0455,0.040883460690808386,0.0443165393091916,5,0.04191000725105624,0.0018752659219304728,0.04170765296084989,0.03998621165115478,0.04468231366002161,0.0402662641967447,0.043553750305367775,5,0.47937171307797516,0.0008102827050531561,0.47941374689212174,0.4781842040606952,0.48033289684334307,0.4786614689718546,0.48008195718409574,5,-0.9481537053112163,0.0015003695029074929,-0.9486384481766152,-0.949947763661951,-0.9462339809808213,-0.9494688371655648,-0.9468385734568678,5,0.99024,0.000719722168617875,0.9901,0.9893,0.9911,0.9896091357039744,0.9908708642960257
Fwd Pkt Len Min,"42,43,44,45,46",5,0.5000150012501126,2.2362776297931814e-05,0.5,0.5,0.5000500050005,0.49999539941242915,0.5000346030877959,5,1.0,0.0,1.0,1.0,1.0,1.0,1.0,5,0.6666800007407853,1.9877402142663943e-05,0.6666666666666666,0.6666666666666666,0.6667111140742716,0.6666625774296017,0.6666974240519689,5,0.5000150012501126,2.2362776297931814e-05,0.5,0.5,0.5000500050005,0.49999539941242915,0.5000346030877959,5,0.0034143489265386602,0.004788622144321051,0.0,0.0,0.010000500037503125,-0.0007830634497003096,0.00761176130277763,5,0.9999399999999999,8.944271909998174e-05,1.0,0.9998,1.0,0.9998615999999999,1.0000183999999999
Fwd Pkt Len Std,"42,43,44,45,46",5,0.041746170376688596,0.0016470991548342973,0.04159814259456322,0.03976335951896033,0.044178643773512105,0.04030242431173896,0.043189916441638235,5,0.04314,0.0017938784797192921,0.043,0.041,0.0458,0.04156759618418168,0.04471240381581831,5,0.04243160169636652,0.0017184805726555721,0.04228745636032846,0.04037221210181675,0.044974713998134234,0.04092528706000603,0.043937916332727006,5,0.47934990476926087,0.0008215605383230381,0.4794123140479606,0.4781328855379402,0.48033140065649715,0.4786297752064228,0.48007003433209894,5,-0.9475679676762768,0.0014544615285786617,-0.9475702299557052,-0.9495593227285211,-0.9457371165362047,-0.9488428594169124,-0.9462930759356413,5,0.99018,0.0006418722614352695,0.9901,0.9893,0.9909,0.9896173741562991,0.9907426258437008
Fwd Pkts/b Avg,"42,43,44,45,46",5,0.0,0.0,0.0,0.0,0.0,0.0,0.0,5,0.0,0.0,0.0,0.0,0.0,0.0,0.0,5,0.0,0.0,0.0,0.0,0.0,0.0,0.0,5,0.5,0.0,0.5,0.5,0.5,0.5,0.5,5,0.0,0.0,0.0,0.0,0.0,0.0,0.0,5,0.0,0.0,0.0,0.0,0.0,0.0,0.0
Fwd Pkts/s,"42,43,44,45,46",5,0.4345244889345189,0.0008160988012009717,0.43451707758425695,0.43336355394378967,0.4356340651278289,0.43380914679534904,0.43523983107368874,5,0.76838,0.0025459772190653996,0.7684,0.7648,0.7719,0.7661483525726495,0.7706116474273504,5,0.5551227094383728,0.0013302860775592288,0.5551220921832105,0.5532407407407407,0.5569464987914426,0.5539566622795867,0.5562887565971589,5,0.31067454730181454,0.00019888192789575829,0.310568026810021,0.3104720591145346,0.31089247718106944,0.3105002196057883,0.3108488749978408,5,-0.3617722087805979,0.0022727019375196242,-0.3618920347720934,-0.3650655997384863,-0.35879223757537204,-0.3637643198623545,-0.3597800976988413,5,0.9999400000000002,8.944271909998174e-05,1.0,0.9998,1.0,0.9998616000000001,1.0000184
Fwd Seg Size Avg,"42,43,44,45,46",5,0.041242106759073374,0.001796596243352615,0.04103755323267518,0.03939070534588144,0.043893497974146246,0.03966732071839655,0.0428168927997502,5,0.04259999999999999,0.0019583156027566146,0.0424,0.0406,0.0455,0.040883460690808386,0.0443165393091916,5,0.04191000725105624,0.0018752659219304728,0.04170765296084989,0.03998621165115478,0.04468231366002161,0.0402662641967447,0.043553750305367775,5,0.47937171307797516,0.0008102827050531561,0.47941374689212174,0.4781842040606952,0.48033289684334307,0.4786614689718546,0.48008195718409574,5,-0.9481537053112163,0.0015003695029074929,-0.9486384481766152,-0.949947763661951,-0.9462339809808213,-0.9494688371655648,-0.9468385734568678,5,0.99024,0.000719722168617875,0.9901,0.9893,0.9911,0.9896091357039744,0.9908708642960257
Fwd Seg Size Min,"42,43,44,45,46",5,0.5000250784855245,0.00021340452223919163,0.5000250639129781,0.4997243245952584,0.5002506516944054,0.4998380211742989,0.5002121357967501,5,0.99756,0.00035071355833500936,0.9976,0.997,0.9979,0.9972525860120294,0.9978674139879706,5,0.6661458137105833,0.0002645688056882277,0.6661324251227086,0.6657540649727889,0.6664217977828235,0.6659139089275594,0.6663777184936073,5,0.6132398352770307,0.0008483261428916221,0.6134696268294855,0.6120941870002677,0.6142384037366194,0.6124962446273732,0.6139834259266883,5,0.0008747397792555804,0.008500817726132492,0.0009914124006489703,-0.011125314858480086,0.009818579217394522,-0.006576555490331657,0.008326035048842818,5,0.9974599999999999,0.0005319774431308133,0.9974,0.9969,0.9981,0.9969937012116677,0.9979262987883321
Fwd URG Flags,"42,43,44,45,46",5,0.0,0.0,0.0,0.0,0.0,0.0,0.0,5,0.0,0.0,0.0,0.0,0.0,0.0,0.0,5,0.0,0.0,0.0,0.0,0.0,0.0,0.0,5,0.5,0.0,0.5,0.5,0.5,0.5,0.5,5,0.0,0.0,0.0,0.0,0.0,0.0,0.0,5,0.0,0.0,0.0,0.0,0.0,0.0,0.0
Idle Max,"42,43,44,45,46",5,0.11904584796647977,0.005565307302292558,0.12,0.11052631578947368,0.12556053811659193,0.11416764103258774,0.1239240549003718,5,0.00242,0.00028635642126552705,0.0024,0.0021,0.0028,0.002168997529892632,0.0026710024701073675,5,0.004743139249796884,0.0005541034776323273,0.004705882352941176,0.0041216879293424925,0.0054778440770810915,0.004257446137115356,0.005228832362478412,5,0.4986401841336452,0.00015282414745336665,0.4985890875363012,0.498498477473279,0.49888451155375907,0.49850622786218,0.49877414040511037,5,-0.07704190232091278,0.0020952729936337964,-0.07638287395970011,-0.0795213662177798,-0.07429166888445324,-0.07887849007622516,-0.0752053145656004,5,0.01786,0.0012660963628413125,0.0176,0.0165,0.0195,0.01675021760691566,0.01896978239308434
Idle Mean,"42,43,44,45,46",5,0.11904584796647977,0.005565307302292558,0.12,0.11052631578947368,0.12556053811659193,0.11416764103258774,0.1239240549003718,5,0.00242,0.00028635642126552705,0.0024,0.0021,0.0028,0.002168997529892632,0.0026710024701073675,5,0.004743139249796884,0.0005541034776323273,0.004705882352941176,0.0041216879293424925,0.0054778440770810915,0.004257446137115356,0.005228832362478412,5,0.4986401841336452,0.00015282414745336665,0.4985890875363012,0.498498477473279,0.49888451155375907,0.49850622786218,0.49877414040511037,5,-0.07704190232091278,0.0020952729936337964,-0.07638287395970011,-0.0795213662177798,-0.07429166888445324,-0.07887849007622516,-0.0752053145656004,5,0.01786,0.0012660963628413125,0.0176,0.0165,0.0195,0.01675021760691566,0.01896978239308434
Idle Min,"42,43,44,45,46",5,0.11928643029961386,0.005598023730831133,0.12,0.11052631578947368,0.12556053811659193,0.11437954615171006,0.12419331444751766,5,0.00242,0.00028635642126552705,0.0024,0.0021,0.0028,0.002168997529892632,0.0026710024701073675,5,0.004743323754464677,0.0005541006831564527,0.004705882352941176,0.0041216879293424925,0.0054778440770810915,0.004257633091249252,0.005229014417680102,5,0.4986401925356304,0.00015282623238593523,0.4985890875363012,0.49849850076118657,0.4988845302757778,0.4985062344366412,0.4987741506346196,5,-0.0769163327683285,0.0021465556079078413,-0.07638287395970011,-0.0795213662177798,-0.07396832647435016,-0.07879787171698051,-0.0750347938196765,5,0.017820000000000003,0.0012755391017134677,0.0176,0.0164,0.0195,0.016701940681358992,0.018938059318641013
Idle Std,"42,43,44,45,46",5,0.0,0.0,0.0,0.0,0.0,0.0,0.0,5,0.0,0.0,0.0,0.0,0.0,0.0,0.0,5,0.0,0.0,0.0,0.0,0.0,0.0,0.0,5,0.5,0.0,0.5,0.5,0.5,0.5,0.5,5,-0.0028284978380760696,0.0038730801744221452,0.0,-0.007071244595190174,0.0,-0.006223402294583416,0.0005664066184312764,5,4e-05,5.4772255750516614e-05,0.0,0.0,0.0001,-8.009998958550284e-06,8.80099989585503e-05
Init Bwd Win Byts,"42,43,44,45,46",5,0.5,0.0,0.5,0.5,0.5,0.5,0.5,5,1.0,0.0,1.0,1.0,1.0,1.0,1.0,5,0.6666666666666666,0.0,0.6666666666666666,0.6666666666666666,0.6666666666666666,0.6666666666666666,0.6666666666666666,5,0.9739085733611412,0.0010312446051059208,0.974392494701003,0.972442640095139,0.975013101959924,0.9730046476100701,0.9748124991122123,5,0.0,0.0,0.0,0.0,0.0,0.0,0.0,5,1.0,0.0,1.0,1.0,1.0,1.0,1.0
Init Fwd Win Byts,"42,43,44,45,46",5,0.9992803835396297,0.0003343586720474418,0.9992009588493808,0.9988009592326139,0.9996003197442046,0.9989873052415603,0.999573461837699,5,0.24994,0.00016733200530680663,0.2499,0.2497,0.2501,0.24979332703043847,0.25008667296956155,5,0.39986559385550835,0.0002233148516424186,0.39984,0.39955196415713257,0.4000959846424572,0.39966984975755454,0.40006133795346216,5,0.7830121159526306,0.001917592102577867,0.7835149904691696,0.7798776842485063,0.7848827775080043,0.7813312723651942,0.7846929595400671,5,0.3775239809468948,0.00026167674727292466,0.37761917180793636,0.37723043310714194,0.37783496905763414,0.37729461116484175,0.3777533507289479,5,0.00017999999999999998,8.366600265340754e-05,0.0002,0.0001,0.0003,0.00010666351521923074,0.00025333648478076924
PSH Flag Cnt,"42,43,44,45,46",5,0.9992803835396297,0.0003343586720474418,0.9992009588493808,0.9988009592326139,0.9996003197442046,0.9989873052415603,0.999573461837699,5,0.24994,0.00016733200530680663,0.2499,0.2497,0.2501,0.24979332703043847,0.25008667296956155,5,0.39986559385550835,0.0002233148516424186,0.39984,0.39955196415713257,0.4000959846424572,0.39966984975755454,0.40006133795346216,5,0.6247901519105022,0.00013406276307166134,0.62485004,0.6246501600640256,0.6249500399680256,0.6246726407175222,0.6249076631034823,5,0.3775239809468948,0.00026167674727292466,0.37761917180793636,0.37723043310714194,0.37783496905763414,0.37729461116484175,0.3777533507289479,5,0.00017999999999999998,8.366600265340754e-05,0.0002,0.0001,0.0003,0.00010666351521923074,0.00025333648478076924
Pkt Len Max,"42,43,44,45,46",5,0.041744513403296366,0.0016456172532383993,0.04159411878506481,0.03976335951896033,0.044174382716049385,0.04030206628236685,0.04318696052422588,5,0.04314,0.0017938784797192921,0.043,0.041,0.0458,0.04156759618418168,0.04471240381581831,5,0.04243074422830513,0.0017177074790953213,0.042285377126561115,0.04037221210181675,0.044972505891594655,0.04092510723832809,0.043936381218282174,5,0.4802333971772887,0.0007499638154006375,0.4802888931888545,0.4791233818848269,0.4811302977402774,0.4795760249091035,0.4808907694454739,5,-0.9476093295168205,0.001434747699251582,-0.9475702299557052,-0.9495593227285211,-0.9458406646077134,-0.948866941324167,-0.946351717709474,5,0.9902200000000001,0.0006906518659932958,0.9901,0.9893,0.991,0.98961461694771,0.9908253830522902
Pkt Len Mean,"42,43,44,45,46",5,0.04174531816519604,0.0016455262996129217,0.04159814259456322,0.03976335951896033,0.044174382716049385,0.040302950768634355,0.04318768556175773,5,0.04314,0.0017938784797192921,0.043,0.041,0.0458,0.04156759618418168,0.04471240381581831,5,0.0424311600750586,0.0017176637395862181,0.04228745636032846,0.04037221210181675,0.044972505891594655,0.0409255614244517,0.0439367587256655,5,0.4825868630802477,0.0004397091398494793,0.48267460673855067,0.4821110207970543,0.4830663048427398,0.4822014410256514,0.48297228513484397,5,-0.9475886772905786,0.001422256034035725,-0.9475702299557052,-0.9495593227285211,-0.9458406646077134,-0.9488353396705957,-0.9463420149105615,5,0.9902000000000001,0.000670820393249954,0.9901,0.9893,0.991,0.989612,0.9907880000000001
Pkt Len Min,"42,43,44,45,46",5,0.5000050002500125,1.1180898932466855e-05,0.5,0.5,0.5000250012500626,0.49999519975998796,0.500014800740037,5,1.0,0.0,1.0,1.0,1.0,1.0,1.0,5,0.6666711112592641,9.938411180394382e-06,0.6666666666666666,0.6666666666666666,0.6666888896296543,0.666662399857773,0.6666798226607553,5,0.5000050002500125,1.1180898932466855e-05,0.5,0.5,0.5000250012500626,0.49999519975998796,0.500014800740037,5,0.0014142489190380348,0.003162356720074642,0.0,0.0,0.007071244595190174,-0.001357678962276513,0.004186176800352583,5,0.9999800000000001,4.472135954999087e-05,1.0,0.9999,1.0,0.9999408000000001,1.0000192
Pkt Len Std,"42,43,44,45,46",5,0.041746170376688596,0.0016470991548342973,0.04159814259456322,0.03976335951896033,0.044178643773512105,0.04030242431173896,0.043189916441638235,5,0.04314,0.0017938784797192921,0.043,0.041,0.0458,0.04156759618418168,0.04471240381581831,5,0.04243160169636652,0.0017184805726555721,0.04228745636032846,0.04037221210181675,0.044974713998134234,0.04092528706000603,0.043937916332727006,5,0.5018705941223511,0.0011188355702717156,0.5014088423120584,0.5009200813558392,0.5036584868620282,0.5008898915051684,0.5028512967395339,5,-0.9475679676762768,0.0014544615285786617,-0.9475702299557052,-0.9495593227285211,-0.9457371165362047,-0.9488428594169124,-0.9462930759356413,5,0.99018,0.0006418722614352695,0.9901,0.9893,0.9909,0.9896173741562991,0.9907426258437008
Pkt Len Var,"42,43,44,45,46",5,0.041746170376688596,0.0016470991548342973,0.04159814259456322,0.03976335951896033,0.044178643773512105,0.04030242431173896,0.043189916441638235,5,0.04314,0.0017938784797192921,0.043,0.041,0.0458,0.04156759618418168,0.04471240381581831,5,0.04243160169636652,0.0017184805726555721,0.04228745636032846,0.04037221210181675,0.044974713998134234,0.04092528706000603,0.043937916332727006,5,0.5018705941223511,0.0011188355702717156,0.5014088423120584,0.5009200813558392,0.5036584868620282,0.5008898915051684,0.5028512967395339,5,-0.9475679676762768,0.0014544615285786617,-0.9475702299557052,-0.9495593227285211,-0.9457371165362047,-0.9488428594169124,-0.9462930759356413,5,0.99018,0.0006418722614352695,0.9901,0.9893,0.9909,0.9896173741562991,0.9907426258437008
Pkt Size Avg,"42,43,44,45,46",5,0.04174531816519604,0.0016455262996129217,0.04159814259456322,0.03976335951896033,0.044174382716049385,0.040302950768634355,0.04318768556175773,5,0.04314,0.0017938784797192921,0.043,0.041,0.0458,0.04156759618418168,0.04471240381581831,5,0.0424311600750586,0.0017176637395862181,0.04228745636032846,0.04037221210181675,0.044972505891594655,0.0409255614244517,0.0439367587256655,5,0.48362843719391135,0.000372950118675972,0.4837152757642427,0.4831806879676019,0.4840205056786184,0.4833015320014215,0.4839553423864012,5,-0.9475886772905786,0.001422256034035725,-0.9475702299557052,-0.9495593227285211,-0.9458406646077134,-0.9488353396705957,-0.9463420149105615,5,0.9902000000000001,0.000670820393249954,0.9901,0.9893,0.991,0.989612,0.9907880000000001
Protocol,"42,43,44,45,46",5,0.5000050002500125,1.1180898932466855e-05,0.5,0.5,0.5000250012500626,0.49999519975998796,0.500014800740037,5,1.0,0.0,1.0,1.0,1.0,1.0,1.0,5,0.6666711112592641,9.938411180394382e-06,0.6666666666666666,0.6666666666666666,0.6666888896296543,0.666662399857773,0.6666798226607553,5,0.5000050002500125,1.1180898932466855e-05,0.5,0.5,0.5000250012500626,0.49999519975998796,0.500014800740037,5,0.0014142489190380348,0.003162356720074642,0.0,0.0,0.007071244595190174,-0.001357678962276513,0.004186176800352583,5,0.9999800000000001,4.472135954999087e-05,1.0,0.9999,1.0,0.9999408000000001,1.0000192
RST Flag Cnt,"42,43,44,45,46",5,0.5,0.0,0.5,0.5,0.5,0.5,0.5,5,1.0,0.0,1.0,1.0,1.0,1.0,1.0,5,0.6666666666666666,0.0,0.6666666666666666,0.6666666666666666,0.6666666666666666,0.6666666666666666,0.6666666666666666,5,0.5,0.0,0.5,0.5,0.5,0.5,0.5,5,0.0,0.0,0.0,0.0,0.0,0.0,0.0,5,1.0,0.0,1.0,1.0,1.0,1.0,1.0
SYN Flag Cnt,"42,43,44,45,46",5,0.0,0.0,0.0,0.0,0.0,0.0,0.0,5,0.0,0.0,0.0,0.0,0.0,0.0,0.0,5,0.0,0.0,0.0,0.0,0.0,0.0,0.0,5,0.5,0.0,0.5,0.5,0.5,0.5,0.5,5,-0.007864122409223325,0.004765052443690158,-0.010000500037503125,-0.0122483673759202,0.0,-0.012040875031956857,-0.0036873697864897937,5,0.00015999999999999999,0.00011401754250991379,0.0002,0.0,0.0003,6.0059217533581414e-05,0.00025994078246641854
Subflow Bwd Byts,"42,43,44,45,46",5,0.5051792251489106,0.004409752531461366,0.5070318282753515,0.49919089627812285,0.5091701663920046,0.5013139066305852,0.509044543667236,5,0.95686,0.0017938784797192579,0.957,0.9542,0.959,0.9552875961841818,0.9584324038158183,5,0.6612416983909104,0.0040694147499226955,0.6633464757556893,0.6559659772953321,0.6648849397799451,0.6576746990911991,0.6648086976906217,5,0.968926686942962,0.0007384254815025474,0.9685123897765636,0.9682627586925714,0.9699113645675137,0.9682794284703626,0.9695739454155614,5,0.04183680766259403,0.03557483358062483,0.05869147602269753,-0.007714080327440119,0.07294948429294469,0.010654091162182442,0.07301952416300563,5,0.9373400000000001,0.01552249979867934,0.9324,0.9233,0.9594,0.9237339290256151,0.950946070974385
Subflow Bwd Pkts,"42,43,44,45,46",5,0.991853514919206,0.0006263559778900873,0.9915219189412737,0.9912035599710235,0.9926141683137418,0.9913044896976932,0.9924025401407188,5,0.95686,0.0017938784797192579,0.957,0.9542,0.959,0.9552875961841818,0.9584324038158183,5,0.9740414871952521,0.0007569855340934417,0.9742155317093018,0.9730280936113802,0.9749898332655551,0.973377960119263,0.9747050142712411,5,0.9738618393359857,0.0010395014471596747,0.974299765258632,0.9723459295196111,0.974985696205515,0.9729506761437507,0.9747730025282206,5,0.9495930336878464,0.0013696123385064942,0.9498395148432254,0.9478100287513356,0.9513118673886066,0.9483925155414911,0.9507935518342018,5,0.00786,0.0006188699378706323,0.0082,0.0071,0.0085,0.007317536581878557,0.008402463418121444
Subflow Fwd Byts,"42,43,44,45,46",5,0.10336833374351304,0.2216964966389586,0.004325085495876081,0.003625742773693222,0.4999499799919968,-0.09095721350492689,0.29769388099195293,5,0.20326,0.44511200051223065,0.0043,0.0036,0.9995,-0.1868978707725374,0.5934178707725374,5,0.13667135678359538,0.29618986670408814,0.004312506268177715,0.0036128255306337497,0.666511069618565,-0.12295050828560611,0.39629322185279686,5,0.5815834536131786,0.22811381078257734,0.4795829527280535,0.4785928808695751,0.9896438188888936,0.38163288250676264,0.7815340247195947,5,-0.7898528346830801,0.43874580996000817,-0.9857248455078504,-0.9869138613025237,-0.005001000300100035,-1.1744304934012828,-0.4052751759648774,5,0.99214,0.004281705267764256,0.9908,0.9893,0.9997,0.9883869198569708,0.9958930801430292
Subflow Fwd Pkts,"42,43,44,45,46",5,0.9509567586922142,0.0016094932065881902,0.9507426928605655,0.9492774428174945,0.9535710852638662,0.9495459756942661,0.9523675416901622,5,0.9923400000000001,0.0004827007354458923,0.9921,0.9919,0.993,0.9919168941503597,0.9927631058496406,5,0.9712070799874178,0.0008257519705828301,0.9711016576206543,0.9701207883026065,0.9724060187227368,0.970483276472217,0.9719308835026187,5,0.9818658373885774,0.0010579991707021662,0.9822404782015967,0.9799899789775919,0.9824771328319739,0.9809384602267726,0.9827932145503822,5,0.9420538522351334,0.001669301109332875,0.9418583622413476,0.9398478492907508,0.9444672615694709,0.9405906452990228,0.943517059171244,5,0.05118,0.0017683325479106002,0.0514,0.0483,0.053,0.04962998818069023,0.05273001181930978
Tot Bwd Pkts,"42,43,44,45,46",5,0.991853514919206,0.0006263559778900873,0.9915219189412737,0.9912035599710235,0.9926141683137418,0.9913044896976932,0.9924025401407188,5,0.95686,0.0017938784797192579,0.957,0.9542,0.959,0.9552875961841818,0.9584324038158183,5,0.9740414871952521,0.0007569855340934417,0.9742155317093018,0.9730280936113802,0.9749898332655551,0.973377960119263,0.9747050142712411,5,0.9738618393359857,0.0010395014471596747,0.974299765258632,0.9723459295196111,0.974985696205515,0.9729506761437507,0.9747730025282206,5,0.9495930336878464,0.0013696123385064942,0.9498395148432254,0.9478100287513356,0.9513118673886066,0.9483925155414911,0.9507935518342018,5,0.00786,0.0006188699378706323,0.0082,0.0071,0.0085,0.007317536581878557,0.008402463418121444
Tot Fwd Pkts,"42,43,44,45,46",5,0.9509567586922142,0.0016094932065881902,0.9507426928605655,0.9492774428174945,0.9535710852638662,0.9495459756942661,0.9523675416901622,5,0.9923400000000001,0.0004827007354458923,0.9921,0.9919,0.993,0.9919168941503597,0.9927631058496406,5,0.9712070799874178,0.0008257519705828301,0.9711016576206543,0.9701207883026065,0.9724060187227368,0.970483276472217,0.9719308835026187,5,0.9818658373885774,0.0010579991707021662,0.9822404782015967,0.9799899789775919,0.9824771328319739,0.9809384602267726,0.9827932145503822,5,0.9420538522351334,0.001669301109332875,0.9418583622413476,0.9398478492907508,0.9444672615694709,0.9405906452990228,0.943517059171244,5,0.05118,0.0017683325479106002,0.0514,0.0483,0.053,0.04962998818069023,0.05273001181930978
TotLen Bwd Pkts,"42,43,44,45,46",5,0.5051792251489106,0.004409752531461366,0.5070318282753515,0.49919089627812285,0.5091701663920046,0.5013139066305852,0.509044543667236,5,0.95686,0.0017938784797192579,0.957,0.9542,0.959,0.9552875961841818,0.9584324038158183,5,0.6612416983909104,0.0040694147499226955,0.6633464757556893,0.6559659772953321,0.6648849397799451,0.6576746990911991,0.6648086976906217,5,0.968926686942962,0.0007384254815025474,0.9685123897765636,0.9682627586925714,0.9699113645675137,0.9682794284703626,0.9695739454155614,5,0.04183680766259403,0.03557483358062483,0.05869147602269753,-0.007714080327440119,0.07294948429294469,0.010654091162182442,0.07301952416300563,5,0.9373400000000001,0.01552249979867934,0.9324,0.9233,0.9594,0.9237339290256151,0.950946070974385
TotLen Fwd Pkts,"42,43,44,45,46",5,0.10336833374351304,0.2216964966389586,0.004325085495876081,0.003625742773693222,0.4999499799919968,-0.09095721350492689,0.29769388099195293,5,0.20326,0.44511200051223065,0.0043,0.0036,0.9995,-0.1868978707725374,0.5934178707725374,5,0.13667135678359538,0.29618986670408814,0.004312506268177715,0.0036128255306337497,0.666511069618565,-0.12295050828560611,0.39629322185279686,5,0.5815834536131786,0.22811381078257734,0.4795829527280535,0.4785928808695751,0.9896438188888936,0.38163288250676264,0.7815340247195947,5,-0.7898528346830801,0.43874580996000817,-0.9857248455078504,-0.9869138613025237,-0.005001000300100035,-1.1744304934012828,-0.4052751759648774,5,0.99214,0.004281705267764256,0.9908,0.9893,0.9997,0.9883869198569708,0.9958930801430292
URG Flag Cnt,"42,43,44,45,46",5,0.5054075427732093,0.0007258062952756549,0.5050655695551556,0.5048782992708226,0.506615867785615,0.5047713455050338,0.5060437400413849,5,0.9833400000000001,0.0007536577472566844,0.9836,0.9821,0.984,0.982679389857783,0.9840006101422172,5,0.6676583014402565,0.0007452629520804515,0.6672998643147897,0.6670742061470538,0.6688644937633824,0.6670050496604466,0.6683115532200664,5,0.5053177004001769,0.0007163165845863127,0.5049748958601183,0.5047963438430728,0.5065100139010451,0.504689821230171,0.5059455795701827,5,0.06461210491532988,0.007405195062113623,0.06032607651603633,0.059365365504701874,0.07676920826489551,0.058121165253481405,0.07110304457717836,5,0.9623000000000002,0.0024515301344262327,0.9624,0.9583,0.9644,0.9601511390924494,0.9644488609075509
