task_index,task_id,task_type,submitted_at,completed_at,campaign_elapsed_sec,winner,status,latency_ms,reassignments,proposals_json,refusals_json,result_pid,result_host,idempotency_replayed
0,cnp_endurance_multivm_20260918T124034Z-task-0000000,parse.synthetic,2026-09-18T12:45:05.516702+00:00,2026-09-18T12:45:05.605820+00:00,0.078,ubuntu-beta,ok,88.378,1,"{""debian-alpha"": 0.86, ""ubuntu-beta"": 0.809}",{},3690,andy-VirtualBox,False
1,cnp_endurance_multivm_20260918T124034Z-task-0000001,route.synthetic,2026-09-18T12:45:05.728383+00:00,2026-09-18T12:45:05.792440+00:00,0.266,ubuntu-beta,ok,64.013,0,"{""debian-alpha"": 0.821, ""ubuntu-beta"": 0.863}",{},3690,andy-VirtualBox,False
2,cnp_endurance_multivm_20260918T124034Z-task-0000002,detect.synthetic,2026-09-18T12:45:05.922655+00:00,2026-09-18T12:45:05.991805+00:00,0.469,ubuntu-beta,ok,69.244,0,"{""debian-alpha"": 0.785, ""ubuntu-beta"": 0.839}",{},3690,andy-VirtualBox,False
3,cnp_endurance_multivm_20260918T124034Z-task-0000003,correlate.synthetic,2026-09-18T12:45:06.123862+00:00,2026-09-18T12:45:06.165306+00:00,0.641,ubuntu-beta,ok,41.673,0,"{""debian-alpha"": 0.791, ""ubuntu-beta"": 0.821}",{},3690,andy-VirtualBox,False
4,cnp_endurance_multivm_20260918T124034Z-task-0000004,parse.synthetic,2026-09-18T12:45:06.329194+00:00,2026-09-18T12:45:06.375412+00:00,0.86,ubuntu-beta,ok,46.53,0,"{""debian-alpha"": 0.850677, ""ubuntu-beta"": 0.866635}",{},3690,andy-VirtualBox,False
5,cnp_endurance_multivm_20260918T124034Z-task-0000005,route.synthetic,2026-09-18T12:45:06.516283+00:00,2026-09-18T12:45:06.574270+00:00,1.047,ubuntu-beta,ok,58.383,0,"{""debian-alpha"": 0.821, ""ubuntu-beta"": 0.920358}",{},3690,andy-VirtualBox,False
6,cnp_endurance_multivm_20260918T124034Z-task-0000006,detect.synthetic,2026-09-18T12:45:06.728255+00:00,2026-09-18T12:45:06.772262+00:00,1.25,ubuntu-beta,ok,43.86,0,"{""debian-alpha"": 0.785, ""ubuntu-beta"": 0.896577}",{},3690,andy-VirtualBox,False
7,cnp_endurance_multivm_20260918T124034Z-task-0000007,correlate.synthetic,2026-09-18T12:45:06.923046+00:00,2026-09-18T12:45:06.960429+00:00,1.438,ubuntu-beta,ok,37.578,0,"{""debian-alpha"": 0.791, ""ubuntu-beta"": 0.878709}",{},3690,andy-VirtualBox,False
8,cnp_endurance_multivm_20260918T124034Z-task-0000008,parse.synthetic,2026-09-18T12:45:07.123225+00:00,2026-09-18T12:45:07.170438+00:00,1.656,ubuntu-beta,ok,47.235,0,"{""debian-alpha"": 0.850677, ""ubuntu-beta"": 0.883359}",{},3690,andy-VirtualBox,False
9,cnp_endurance_multivm_20260918T124034Z-task-0000009,route.synthetic,2026-09-18T12:45:07.326078+00:00,2026-09-18T12:45:07.372729+00:00,1.86,ubuntu-beta,ok,46.963,0,"{""debian-alpha"": 0.821, ""ubuntu-beta"": 0.937128}",{},3690,andy-VirtualBox,False
10,cnp_endurance_multivm_20260918T124034Z-task-0000010,detect.synthetic,2026-09-18T12:45:07.514040+00:00,2026-09-18T12:45:07.555769+00:00,2.031,ubuntu-beta,ok,42.05,0,"{""debian-alpha"": 0.785, ""ubuntu-beta"": 0.913375}",{},3690,andy-VirtualBox,False
11,cnp_endurance_multivm_20260918T124034Z-task-0000011,correlate.synthetic,2026-09-18T12:45:07.726080+00:00,2026-09-18T12:45:07.772972+00:00,2.25,ubuntu-beta,ok,46.941,0,"{""debian-alpha"": 0.791, ""ubuntu-beta"": 0.89548}",{},3690,andy-VirtualBox,False
12,cnp_endurance_multivm_20260918T124034Z-task-0000012,parse.synthetic,2026-09-18T12:45:07.923453+00:00,2026-09-18T12:45:07.979252+00:00,2.453,ubuntu-beta,ok,56.021,0,"{""debian-alpha"": 0.850677, ""ubuntu-beta"": 0.893379}",{},3690,andy-VirtualBox,False
13,cnp_endurance_multivm_20260918T124034Z-task-0000013,route.synthetic,2026-09-18T12:45:08.127272+00:00,2026-09-18T12:45:08.165935+00:00,2.641,ubuntu-beta,ok,38.627,0,"{""debian-alpha"": 0.821, ""ubuntu-beta"": 0.947218}",{},3690,andy-VirtualBox,False
14,cnp_endurance_multivm_20260918T124034Z-task-0000014,detect.synthetic,2026-09-18T12:45:08.328844+00:00,2026-09-18T12:45:08.365897+00:00,2.844,ubuntu-beta,ok,37.344,0,"{""debian-alpha"": 0.785, ""ubuntu-beta"": 0.923408}",{},3690,andy-VirtualBox,False
15,cnp_endurance_multivm_20260918T124034Z-task-0000015,correlate.synthetic,2026-09-18T12:45:08.522872+00:00,2026-09-18T12:45:08.561691+00:00,3.047,ubuntu-beta,ok,38.762,0,"{""debian-alpha"": 0.791, ""ubuntu-beta"": 0.905488}",{},3690,andy-VirtualBox,False
16,cnp_endurance_multivm_20260918T124034Z-task-0000016,parse.synthetic,2026-09-18T12:45:08.728620+00:00,2026-09-18T12:45:08.771875+00:00,3.25,ubuntu-beta,ok,43.138,0,"{""debian-alpha"": 0.850677, ""ubuntu-beta"": 0.899997}",{},3690,andy-VirtualBox,False
17,cnp_endurance_multivm_20260918T124034Z-task-0000017,route.synthetic,2026-09-18T12:45:08.922198+00:00,2026-09-18T12:45:08.959342+00:00,3.438,ubuntu-beta,ok,37.176,0,"{""debian-alpha"": 0.821, ""ubuntu-beta"": 0.953955}",{},3690,andy-VirtualBox,False
18,cnp_endurance_multivm_20260918T124034Z-task-0000018,detect.synthetic,2026-09-18T12:45:09.128519+00:00,2026-09-18T12:45:09.178929+00:00,3.656,ubuntu-beta,ok,50.509,0,"{""debian-alpha"": 0.785, ""ubuntu-beta"": 0.930105}",{},3690,andy-VirtualBox,False
19,cnp_endurance_multivm_20260918T124034Z-task-0000019,correlate.synthetic,2026-09-18T12:45:09.327273+00:00,2026-09-18T12:45:09.382729+00:00,3.86,ubuntu-beta,ok,55.232,0,"{""debian-alpha"": 0.791, ""ubuntu-beta"": 0.912166}",{},3690,andy-VirtualBox,False
20,cnp_endurance_multivm_20260918T124034Z-task-0000020,parse.synthetic,2026-09-18T12:45:09.523276+00:00,2026-09-18T12:45:09.562001+00:00,4.047,ubuntu-beta,ok,38.769,0,"{""debian-alpha"": 0.850677, ""ubuntu-beta"": 0.904755}",{},3690,andy-VirtualBox,False
21,cnp_endurance_multivm_20260918T124034Z-task-0000021,route.synthetic,2026-09-18T12:45:09.716391+00:00,2026-09-18T12:45:09.755307+00:00,4.235,ubuntu-beta,ok,38.729,0,"{""debian-alpha"": 0.821, ""ubuntu-beta"": 0.958771}",{},3690,andy-VirtualBox,False
22,cnp_endurance_multivm_20260918T124034Z-task-0000022,detect.synthetic,2026-09-18T12:45:09.920910+00:00,2026-09-18T12:45:09.959286+00:00,4.438,ubuntu-beta,ok,38.415,0,"{""debian-alpha"": 0.785, ""ubuntu-beta"": 0.934862}",{},3690,andy-VirtualBox,False
23,cnp_endurance_multivm_20260918T124034Z-task-0000023,correlate.synthetic,2026-09-18T12:45:10.128565+00:00,2026-09-18T12:45:10.165972+00:00,4.641,ubuntu-beta,ok,37.321,0,"{""debian-alpha"": 0.791, ""ubuntu-beta"": 0.916875}",{},3690,andy-VirtualBox,False
24,cnp_endurance_multivm_20260918T124034Z-task-0000024,parse.synthetic,2026-09-18T12:45:10.325743+00:00,2026-09-18T12:45:10.369636+00:00,4.844,ubuntu-beta,ok,44.123,0,"{""debian-alpha"": 0.850677, ""ubuntu-beta"": 0.908359}",{},3690,andy-VirtualBox,False
25,cnp_endurance_multivm_20260918T124034Z-task-0000025,route.synthetic,2026-09-18T12:45:10.526356+00:00,2026-09-18T12:45:10.574687+00:00,5.047,ubuntu-beta,ok,48.253,0,"{""debian-alpha"": 0.821, ""ubuntu-beta"": 0.962377}",{},3690,andy-VirtualBox,False
26,cnp_endurance_multivm_20260918T124034Z-task-0000026,detect.synthetic,2026-09-18T12:45:10.717227+00:00,2026-09-18T12:45:10.760392+00:00,5.235,ubuntu-beta,ok,43.385,0,"{""debian-alpha"": 0.785, ""ubuntu-beta"": 0.938455}",{},3690,andy-VirtualBox,False
27,cnp_endurance_multivm_20260918T124034Z-task-0000027,correlate.synthetic,2026-09-18T12:45:10.926149+00:00,2026-09-18T12:45:10.970630+00:00,5.453,ubuntu-beta,ok,44.52,0,"{""debian-alpha"": 0.791, ""ubuntu-beta"": 0.920457}",{},3690,andy-VirtualBox,False
28,cnp_endurance_multivm_20260918T124034Z-task-0000028,parse.synthetic,2026-09-18T12:45:11.124209+00:00,2026-09-18T12:45:11.163275+00:00,5.641,ubuntu-beta,ok,39.232,0,"{""debian-alpha"": 0.850677, ""ubuntu-beta"": 0.91114}",{},3690,andy-VirtualBox,False
29,cnp_endurance_multivm_20260918T124034Z-task-0000029,route.synthetic,2026-09-18T12:45:11.326695+00:00,2026-09-18T12:45:11.365136+00:00,5.844,ubuntu-beta,ok,38.622,0,"{""debian-alpha"": 0.821, ""ubuntu-beta"": 0.965156}",{},3690,andy-VirtualBox,False
30,cnp_endurance_multivm_20260918T124034Z-task-0000030,detect.synthetic,2026-09-18T12:45:11.521957+00:00,2026-09-18T12:45:11.572609+00:00,6.047,ubuntu-beta,ok,50.53,0,"{""debian-alpha"": 0.785, ""ubuntu-beta"": 0.941211}",{},3690,andy-VirtualBox,False
31,cnp_endurance_multivm_20260918T124034Z-task-0000031,correlate.synthetic,2026-09-18T12:45:11.726010+00:00,2026-09-18T12:45:11.774278+00:00,6.25,ubuntu-beta,ok,49.045,0,"{""debian-alpha"": 0.791, ""ubuntu-beta"": 0.923232}",{},3690,andy-VirtualBox,False
32,cnp_endurance_multivm_20260918T124034Z-task-0000032,parse.synthetic,2026-09-18T12:45:11.925998+00:00,2026-09-18T12:45:11.974826+00:00,6.453,ubuntu-beta,ok,48.889,0,"{""debian-alpha"": 0.850677, ""ubuntu-beta"": 0.913378}",{},3690,andy-VirtualBox,False
33,cnp_endurance_multivm_20260918T124034Z-task-0000033,route.synthetic,2026-09-18T12:45:12.122407+00:00,2026-09-18T12:45:12.159989+00:00,6.641,ubuntu-beta,ok,38.068,0,"{""debian-alpha"": 0.821, ""ubuntu-beta"": 0.96739}",{},3690,andy-VirtualBox,False
34,cnp_endurance_multivm_20260918T124034Z-task-0000034,detect.synthetic,2026-09-18T12:45:12.326714+00:00,2026-09-18T12:45:12.365310+00:00,6.844,ubuntu-beta,ok,38.846,0,"{""debian-alpha"": 0.785, ""ubuntu-beta"": 0.943429}",{},3690,andy-VirtualBox,False
35,cnp_endurance_multivm_20260918T124034Z-task-0000035,correlate.synthetic,2026-09-18T12:45:12.522317+00:00,2026-09-18T12:45:12.564211+00:00,7.047,ubuntu-beta,ok,42.275,0,"{""debian-alpha"": 0.791, ""ubuntu-beta"": 0.925454}",{},3690,andy-VirtualBox,False
36,cnp_endurance_multivm_20260918T124034Z-task-0000036,parse.synthetic,2026-09-18T12:45:12.717912+00:00,2026-09-18T12:45:12.756051+00:00,7.235,ubuntu-beta,ok,38.224,0,"{""debian-alpha"": 0.850677, ""ubuntu-beta"": 0.915198}",{},3690,andy-VirtualBox,False
37,cnp_endurance_multivm_20260918T124034Z-task-0000037,route.synthetic,2026-09-18T12:45:12.921581+00:00,2026-09-18T12:45:12.960773+00:00,7.438,ubuntu-beta,ok,39.447,0,"{""debian-alpha"": 0.821, ""ubuntu-beta"": 0.969227}",{},3690,andy-VirtualBox,False
38,cnp_endurance_multivm_20260918T124034Z-task-0000038,detect.synthetic,2026-09-18T12:45:13.123733+00:00,2026-09-18T12:45:13.191447+00:00,7.672,ubuntu-beta,ok,67.561,0,"{""debian-alpha"": 0.785, ""ubuntu-beta"": 0.945257}",{},3690,andy-VirtualBox,False
39,cnp_endurance_multivm_20260918T124034Z-task-0000039,correlate.synthetic,2026-09-18T12:45:13.327374+00:00,2026-09-18T12:45:13.387228+00:00,7.86,ubuntu-beta,ok,59.995,0,"{""debian-alpha"": 0.791, ""ubuntu-beta"": 0.92727}",{},3690,andy-VirtualBox,False
40,cnp_endurance_multivm_20260918T124034Z-task-0000040,parse.synthetic,2026-09-18T12:45:13.528225+00:00,2026-09-18T12:45:13.575394+00:00,8.047,ubuntu-beta,ok,47.587,0,"{""debian-alpha"": 0.850677, ""ubuntu-beta"": 0.916733}",{},3690,andy-VirtualBox,False
41,cnp_endurance_multivm_20260918T124034Z-task-0000041,route.synthetic,2026-09-18T12:45:13.725580+00:00,2026-09-18T12:45:13.789382+00:00,8.266,ubuntu-beta,ok,63.639,0,"{""debian-alpha"": 0.821, ""ubuntu-beta"": 0.970754}",{},3690,andy-VirtualBox,False
42,cnp_endurance_multivm_20260918T124034Z-task-0000042,detect.synthetic,2026-09-18T12:45:13.923673+00:00,2026-09-18T12:45:13.964975+00:00,8.438,ubuntu-beta,ok,41.321,0,"{""debian-alpha"": 0.785, ""ubuntu-beta"": 0.946739}",{},3690,andy-VirtualBox,False
43,cnp_endurance_multivm_20260918T124034Z-task-0000043,correlate.synthetic,2026-09-18T12:45:14.127712+00:00,2026-09-18T12:45:14.165398+00:00,8.641,ubuntu-beta,ok,37.603,0,"{""debian-alpha"": 0.791, ""ubuntu-beta"": 0.928774}",{},3690,andy-VirtualBox,False
44,cnp_endurance_multivm_20260918T124034Z-task-0000044,parse.synthetic,2026-09-18T12:45:14.328812+00:00,2026-09-18T12:45:14.372254+00:00,8.844,ubuntu-beta,ok,43.843,0,"{""debian-alpha"": 0.850677, ""ubuntu-beta"": 0.918015}",{},3690,andy-VirtualBox,False
45,cnp_endurance_multivm_20260918T124034Z-task-0000045,route.synthetic,2026-09-18T12:45:14.529262+00:00,2026-09-18T12:45:14.578430+00:00,9.063,ubuntu-beta,ok,49.519,0,"{""debian-alpha"": 0.821, ""ubuntu-beta"": 0.971993}",{},3690,andy-VirtualBox,False
46,cnp_endurance_multivm_20260918T124034Z-task-0000046,detect.synthetic,2026-09-18T12:45:14.716333+00:00,2026-09-18T12:45:14.762991+00:00,9.25,ubuntu-beta,ok,46.769,0,"{""debian-alpha"": 0.785, ""ubuntu-beta"": 0.948023}",{},3690,andy-VirtualBox,False
47,cnp_endurance_multivm_20260918T124034Z-task-0000047,correlate.synthetic,2026-09-18T12:45:14.923161+00:00,2026-09-18T12:45:14.961621+00:00,9.438,ubuntu-beta,ok,38.637,0,"{""debian-alpha"": 0.791, ""ubuntu-beta"": 0.930061}",{},3690,andy-VirtualBox,False
48,cnp_endurance_multivm_20260918T124034Z-task-0000048,parse.synthetic,2026-09-18T12:45:15.124454+00:00,2026-09-18T12:45:15.163274+00:00,9.641,ubuntu-beta,ok,39.196,0,"{""debian-alpha"": 0.850677, ""ubuntu-beta"": 0.919107}",{},3690,andy-VirtualBox,False
49,cnp_endurance_multivm_20260918T124034Z-task-0000049,route.synthetic,2026-09-18T12:45:15.327656+00:00,2026-09-18T12:45:15.366781+00:00,9.844,ubuntu-beta,ok,39.389,0,"{""debian-alpha"": 0.821, ""ubuntu-beta"": 0.973089}",{},3690,andy-VirtualBox,False
50,cnp_endurance_multivm_20260918T124034Z-task-0000050,detect.synthetic,2026-09-18T12:45:15.523712+00:00,2026-09-18T12:45:15.565055+00:00,10.047,ubuntu-beta,ok,41.241,0,"{""debian-alpha"": 0.785, ""ubuntu-beta"": 0.949122}",{},3690,andy-VirtualBox,False
51,cnp_endurance_multivm_20260918T124034Z-task-0000051,correlate.synthetic,2026-09-18T12:45:15.718840+00:00,2026-09-18T12:45:15.794595+00:00,10.281,ubuntu-beta,ok,75.726,0,"{""debian-alpha"": 0.791, ""ubuntu-beta"": 0.931169}",{},3690,andy-VirtualBox,False
52,cnp_endurance_multivm_20260918T124034Z-task-0000052,parse.synthetic,2026-09-18T12:45:15.928340+00:00,2026-09-18T12:45:15.979967+00:00,10.453,ubuntu-beta,ok,51.479,0,"{""debian-alpha"": 0.850677, ""ubuntu-beta"": 0.920073}",{},3690,andy-VirtualBox,False
53,cnp_endurance_multivm_20260918T124034Z-task-0000053,route.synthetic,2026-09-18T12:45:16.127716+00:00,2026-09-18T12:45:16.165810+00:00,10.641,ubuntu-beta,ok,38.155,0,"{""debian-alpha"": 0.821, ""ubuntu-beta"": 0.97405}",{},3690,andy-VirtualBox,False
54,cnp_endurance_multivm_20260918T124034Z-task-0000054,detect.synthetic,2026-09-18T12:45:16.325666+00:00,2026-09-18T12:45:16.366171+00:00,10.844,ubuntu-beta,ok,40.431,0,"{""debian-alpha"": 0.785, ""ubuntu-beta"": 0.950083}",{},3690,andy-VirtualBox,False
55,cnp_endurance_multivm_20260918T124034Z-task-0000055,correlate.synthetic,2026-09-18T12:45:16.522664+00:00,2026-09-18T12:45:16.561303+00:00,11.047,ubuntu-beta,ok,39.05,0,"{""debian-alpha"": 0.791, ""ubuntu-beta"": 0.932094}",{},3690,andy-VirtualBox,False
56,cnp_endurance_multivm_20260918T124034Z-task-0000056,parse.synthetic,2026-09-18T12:45:16.728909+00:00,2026-09-18T12:45:16.772658+00:00,11.25,ubuntu-beta,ok,44.028,0,"{""debian-alpha"": 0.850677, ""ubuntu-beta"": 0.920903}",{},3690,andy-VirtualBox,False
57,cnp_endurance_multivm_20260918T124034Z-task-0000057,route.synthetic,2026-09-18T12:45:16.923728+00:00,2026-09-18T12:45:16.962246+00:00,11.438,ubuntu-beta,ok,38.475,0,"{""debian-alpha"": 0.821, ""ubuntu-beta"": 0.974891}",{},3690,andy-VirtualBox,False
58,cnp_endurance_multivm_20260918T124034Z-task-0000058,detect.synthetic,2026-09-18T12:45:17.124801+00:00,2026-09-18T12:45:17.172251+00:00,11.656,ubuntu-beta,ok,47.425,0,"{""debian-alpha"": 0.785, ""ubuntu-beta"": 0.950919}",{},3690,andy-VirtualBox,False
59,cnp_endurance_multivm_20260918T124034Z-task-0000059,correlate.synthetic,2026-09-18T12:45:17.327672+00:00,2026-09-18T12:45:17.375785+00:00,11.86,ubuntu-beta,ok,48.128,0,"{""debian-alpha"": 0.791, ""ubuntu-beta"": 0.932933}",{},3690,andy-VirtualBox,False
60,cnp_endurance_multivm_20260918T124034Z-task-0000060,parse.synthetic,2026-09-18T12:45:17.516237+00:00,2026-09-18T12:45:17.569130+00:00,12.047,ubuntu-beta,ok,53.195,0,"{""debian-alpha"": 0.850677, ""ubuntu-beta"": 0.921645}",{},3690,andy-VirtualBox,False
61,cnp_endurance_multivm_20260918T124034Z-task-0000061,route.synthetic,2026-09-18T12:45:17.723276+00:00,2026-09-18T12:45:17.769424+00:00,12.25,ubuntu-beta,ok,46.125,0,"{""debian-alpha"": 0.821, ""ubuntu-beta"": 0.975638}",{},3690,andy-VirtualBox,False
62,cnp_endurance_multivm_20260918T124034Z-task-0000062,detect.synthetic,2026-09-18T12:45:17.920340+00:00,2026-09-18T12:45:17.968615+00:00,12.453,ubuntu-beta,ok,48.816,0,"{""debian-alpha"": 0.785, ""ubuntu-beta"": 0.951648}",{},3690,andy-VirtualBox,False
63,cnp_endurance_multivm_20260918T124034Z-task-0000063,correlate.synthetic,2026-09-18T12:45:18.123402+00:00,2026-09-18T12:45:18.161431+00:00,12.641,ubuntu-beta,ok,38.085,0,"{""debian-alpha"": 0.791, ""ubuntu-beta"": 0.933662}",{},3690,andy-VirtualBox,False
64,cnp_endurance_multivm_20260918T124034Z-task-0000064,parse.synthetic,2026-09-18T12:45:18.328865+00:00,2026-09-18T12:45:18.424783+00:00,12.906,ubuntu-beta,ok,94.441,0,"{""debian-alpha"": 0.850677, ""ubuntu-beta"": 0.922294}",{},3690,andy-VirtualBox,False
65,cnp_endurance_multivm_20260918T124034Z-task-0000065,route.synthetic,2026-09-18T12:45:18.519146+00:00,2026-09-18T12:45:18.565803+00:00,13.047,ubuntu-beta,ok,46.436,0,"{""debian-alpha"": 0.821, ""ubuntu-beta"": 0.976292}",{},3690,andy-VirtualBox,False
66,cnp_endurance_multivm_20260918T124034Z-task-0000066,detect.synthetic,2026-09-18T12:45:18.718746+00:00,2026-09-18T12:45:18.767515+00:00,13.25,ubuntu-beta,ok,48.521,0,"{""debian-alpha"": 0.785, ""ubuntu-beta"": 0.952295}",{},3690,andy-VirtualBox,False
67,cnp_endurance_multivm_20260918T124034Z-task-0000067,correlate.synthetic,2026-09-18T12:45:18.927611+00:00,2026-09-18T12:45:18.969842+00:00,13.453,ubuntu-beta,ok,42.546,0,"{""debian-alpha"": 0.791, ""ubuntu-beta"": 0.934323}",{},3690,andy-VirtualBox,False
68,cnp_endurance_multivm_20260918T124034Z-task-0000068,parse.synthetic,2026-09-18T12:45:19.124186+00:00,2026-09-18T12:45:19.161913+00:00,13.641,ubuntu-beta,ok,37.982,0,"{""debian-alpha"": 0.850677, ""ubuntu-beta"": 0.922857}",{},3690,andy-VirtualBox,False
69,cnp_endurance_multivm_20260918T124034Z-task-0000069,route.synthetic,2026-09-18T12:45:19.325506+00:00,2026-09-18T12:45:19.362995+00:00,13.844,ubuntu-beta,ok,37.756,0,"{""debian-alpha"": 0.821, ""ubuntu-beta"": 0.976877}",{},3690,andy-VirtualBox,False
70,cnp_endurance_multivm_20260918T124034Z-task-0000070,detect.synthetic,2026-09-18T12:45:19.519765+00:00,2026-09-18T12:45:19.563800+00:00,14.047,ubuntu-beta,ok,43.983,0,"{""debian-alpha"": 0.785, ""ubuntu-beta"": 0.952875}",{},3690,andy-VirtualBox,False
71,cnp_endurance_multivm_20260918T124034Z-task-0000071,correlate.synthetic,2026-09-18T12:45:19.717525+00:00,2026-09-18T12:45:19.757724+00:00,14.235,ubuntu-beta,ok,40.105,0,"{""debian-alpha"": 0.791, ""ubuntu-beta"": 0.934912}",{},3690,andy-VirtualBox,False
72,cnp_endurance_multivm_20260918T124034Z-task-0000072,parse.synthetic,2026-09-18T12:45:19.923318+00:00,2026-09-18T12:45:19.978868+00:00,14.453,ubuntu-beta,ok,55.756,0,"{""debian-alpha"": 0.850677, ""ubuntu-beta"": 0.923391}",{},3690,andy-VirtualBox,False
73,cnp_endurance_multivm_20260918T124034Z-task-0000073,route.synthetic,2026-09-18T12:45:20.126607+00:00,2026-09-18T12:45:20.187684+00:00,14.672,ubuntu-beta,ok,61.457,0,"{""debian-alpha"": 0.821, ""ubuntu-beta"": 0.977408}",{},3690,andy-VirtualBox,False
74,cnp_endurance_multivm_20260918T124034Z-task-0000074,detect.synthetic,2026-09-18T12:45:20.327182+00:00,2026-09-18T12:45:20.373421+00:00,14.86,ubuntu-beta,ok,46.598,0,"{""debian-alpha"": 0.785, ""ubuntu-beta"": 0.953409}",{},3690,andy-VirtualBox,False
75,cnp_endurance_multivm_20260918T124034Z-task-0000075,correlate.synthetic,2026-09-18T12:45:20.514316+00:00,2026-09-18T12:45:20.563457+00:00,15.047,ubuntu-beta,ok,49.149,0,"{""debian-alpha"": 0.791, ""ubuntu-beta"": 0.935445}",{},3690,andy-VirtualBox,False
76,cnp_endurance_multivm_20260918T124034Z-task-0000076,parse.synthetic,2026-09-18T12:45:20.717285+00:00,2026-09-18T12:45:20.773471+00:00,15.25,ubuntu-beta,ok,56.471,0,"{""debian-alpha"": 0.850677, ""ubuntu-beta"": 0.923863}",{},3690,andy-VirtualBox,False
77,cnp_endurance_multivm_20260918T124034Z-task-0000077,route.synthetic,2026-09-18T12:45:20.924811+00:00,2026-09-18T12:45:20.962145+00:00,15.438,ubuntu-beta,ok,37.48,0,"{""debian-alpha"": 0.821, ""ubuntu-beta"": 0.977875}",{},3690,andy-VirtualBox,False
78,cnp_endurance_multivm_20260918T124034Z-task-0000078,detect.synthetic,2026-09-18T12:45:21.127697+00:00,2026-09-18T12:45:21.177058+00:00,15.656,ubuntu-beta,ok,49.491,0,"{""debian-alpha"": 0.785, ""ubuntu-beta"": 0.953885}",{},3690,andy-VirtualBox,False
79,cnp_endurance_multivm_20260918T124034Z-task-0000079,correlate.synthetic,2026-09-18T12:45:21.328682+00:00,2026-09-18T12:45:21.392112+00:00,15.875,ubuntu-beta,ok,63.497,0,"{""debian-alpha"": 0.791, ""ubuntu-beta"": 0.93592}",{},3690,andy-VirtualBox,False
80,cnp_endurance_multivm_20260918T124034Z-task-0000080,parse.synthetic,2026-09-18T12:45:21.517968+00:00,2026-09-18T12:45:21.565948+00:00,16.047,ubuntu-beta,ok,48.155,0,"{""debian-alpha"": 0.850677, ""ubuntu-beta"": 0.924284}",{},3690,andy-VirtualBox,False
81,cnp_endurance_multivm_20260918T124034Z-task-0000081,route.synthetic,2026-09-18T12:45:21.719672+00:00,2026-09-18T12:45:21.758732+00:00,16.235,ubuntu-beta,ok,38.92,0,"{""debian-alpha"": 0.821, ""ubuntu-beta"": 0.978315}",{},3690,andy-VirtualBox,False
82,cnp_endurance_multivm_20260918T124034Z-task-0000082,detect.synthetic,2026-09-18T12:45:21.924087+00:00,2026-09-18T12:45:21.964849+00:00,16.438,ubuntu-beta,ok,40.598,0,"{""debian-alpha"": 0.785, ""ubuntu-beta"": 0.954314}",{},3690,andy-VirtualBox,False
83,cnp_endurance_multivm_20260918T124034Z-task-0000083,correlate.synthetic,2026-09-18T12:45:22.127127+00:00,2026-09-18T12:45:22.174505+00:00,16.656,ubuntu-beta,ok,47.31,0,"{""debian-alpha"": 0.791, ""ubuntu-beta"": 0.936345}",{},3690,andy-VirtualBox,False
84,cnp_endurance_multivm_20260918T124034Z-task-0000084,parse.synthetic,2026-09-18T12:45:22.325744+00:00,2026-09-18T12:45:22.373917+00:00,16.86,ubuntu-beta,ok,48.401,0,"{""debian-alpha"": 0.850677, ""ubuntu-beta"": 0.924683}",{},3690,andy-VirtualBox,False
85,cnp_endurance_multivm_20260918T124034Z-task-0000085,route.synthetic,2026-09-18T12:45:22.514863+00:00,2026-09-18T12:45:22.574133+00:00,17.047,ubuntu-beta,ok,59.312,0,"{""debian-alpha"": 0.821, ""ubuntu-beta"": 0.978718}",{},3690,andy-VirtualBox,False
86,cnp_endurance_multivm_20260918T124034Z-task-0000086,detect.synthetic,2026-09-18T12:45:22.727580+00:00,2026-09-18T12:45:22.778194+00:00,17.25,ubuntu-beta,ok,50.579,0,"{""debian-alpha"": 0.785, ""ubuntu-beta"": 0.954713}",{},3690,andy-VirtualBox,False
87,cnp_endurance_multivm_20260918T124034Z-task-0000087,correlate.synthetic,2026-09-18T12:45:22.928731+00:00,2026-09-18T12:45:22.973915+00:00,17.453,ubuntu-beta,ok,45.105,0,"{""debian-alpha"": 0.791, ""ubuntu-beta"": 0.936739}",{},3690,andy-VirtualBox,False
88,cnp_endurance_multivm_20260918T124034Z-task-0000088,parse.synthetic,2026-09-18T12:45:23.127728+00:00,2026-09-18T12:45:23.183543+00:00,17.656,ubuntu-beta,ok,55.867,0,"{""debian-alpha"": 0.850677, ""ubuntu-beta"": 0.925046}",{},3690,andy-VirtualBox,False
89,cnp_endurance_multivm_20260918T124034Z-task-0000089,route.synthetic,2026-09-18T12:45:23.328115+00:00,2026-09-18T12:45:23.382861+00:00,17.86,ubuntu-beta,ok,54.919,0,"{""debian-alpha"": 0.821, ""ubuntu-beta"": 0.979072}",{},3690,andy-VirtualBox,False
90,cnp_endurance_multivm_20260918T124034Z-task-0000090,detect.synthetic,2026-09-18T12:45:23.523865+00:00,2026-09-18T12:45:23.576938+00:00,18.063,ubuntu-beta,ok,53.324,0,"{""debian-alpha"": 0.785, ""ubuntu-beta"": 0.95507}",{},3690,andy-VirtualBox,False
91,cnp_endurance_multivm_20260918T124034Z-task-0000091,correlate.synthetic,2026-09-18T12:45:23.728132+00:00,2026-09-18T12:45:23.767435+00:00,18.25,ubuntu-beta,ok,39.631,0,"{""debian-alpha"": 0.791, ""ubuntu-beta"": 0.937103}",{},3690,andy-VirtualBox,False
92,cnp_endurance_multivm_20260918T124034Z-task-0000092,parse.synthetic,2026-09-18T12:45:23.927947+00:00,2026-09-18T12:45:23.979249+00:00,18.453,ubuntu-beta,ok,51.666,0,"{""debian-alpha"": 0.850677, ""ubuntu-beta"": 0.925368}",{},3690,andy-VirtualBox,False
93,cnp_endurance_multivm_20260918T124034Z-task-0000093,route.synthetic,2026-09-18T12:45:24.123416+00:00,2026-09-18T12:45:24.171354+00:00,18.656,ubuntu-beta,ok,48.074,0,"{""debian-alpha"": 0.821, ""ubuntu-beta"": 0.979402}",{},3690,andy-VirtualBox,False
94,cnp_endurance_multivm_20260918T124034Z-task-0000094,detect.synthetic,2026-09-18T12:45:24.326374+00:00,2026-09-18T12:45:24.378578+00:00,18.86,ubuntu-beta,ok,52.166,0,"{""debian-alpha"": 0.785, ""ubuntu-beta"": 0.955404}",{},3690,andy-VirtualBox,False
95,cnp_endurance_multivm_20260918T124034Z-task-0000095,correlate.synthetic,2026-09-18T12:45:24.519157+00:00,2026-09-18T12:45:24.562015+00:00,19.047,ubuntu-beta,ok,43.143,0,"{""debian-alpha"": 0.791, ""ubuntu-beta"": 0.937438}",{},3690,andy-VirtualBox,False
96,cnp_endurance_multivm_20260918T124034Z-task-0000096,parse.synthetic,2026-09-18T12:45:24.728357+00:00,2026-09-18T12:45:24.765561+00:00,19.25,ubuntu-beta,ok,37.415,0,"{""debian-alpha"": 0.850677, ""ubuntu-beta"": 0.925678}",{},3690,andy-VirtualBox,False
97,cnp_endurance_multivm_20260918T124034Z-task-0000097,route.synthetic,2026-09-18T12:45:24.926544+00:00,2026-09-18T12:45:24.964554+00:00,19.438,ubuntu-beta,ok,37.989,0,"{""debian-alpha"": 0.821, ""ubuntu-beta"": 0.979711}",{},3690,andy-VirtualBox,False
98,cnp_endurance_multivm_20260918T124034Z-task-0000098,detect.synthetic,2026-09-18T12:45:25.127129+00:00,2026-09-18T12:45:25.176566+00:00,19.656,ubuntu-beta,ok,49.921,0,"{""debian-alpha"": 0.785, ""ubuntu-beta"": 0.955711}",{},3690,andy-VirtualBox,False
99,cnp_endurance_multivm_20260918T124034Z-task-0000099,correlate.synthetic,2026-09-18T12:45:25.328091+00:00,2026-09-18T12:45:25.372612+00:00,19.86,ubuntu-beta,ok,44.833,0,"{""debian-alpha"": 0.791, ""ubuntu-beta"": 0.93775}",{},3690,andy-VirtualBox,False
100,cnp_endurance_multivm_20260918T124034Z-task-0000100,parse.synthetic,2026-09-18T12:45:25.517591+00:00,2026-09-18T12:45:25.560326+00:00,20.047,ubuntu-beta,ok,42.496,0,"{""debian-alpha"": 0.850677, ""ubuntu-beta"": 0.925968}",{},3690,andy-VirtualBox,False
101,cnp_endurance_multivm_20260918T124034Z-task-0000101,route.synthetic,2026-09-18T12:45:25.726255+00:00,2026-09-18T12:45:25.773265+00:00,20.25,ubuntu-beta,ok,46.927,0,"{""debian-alpha"": 0.821, ""ubuntu-beta"": 0.98}",{},3690,andy-VirtualBox,False
102,cnp_endurance_multivm_20260918T124034Z-task-0000102,detect.synthetic,2026-09-18T12:45:25.923666+00:00,2026-09-18T12:45:25.958730+00:00,20.438,ubuntu-beta,ok,35.326,0,"{""debian-alpha"": 0.785, ""ubuntu-beta"": 0.955995}",{},3690,andy-VirtualBox,False
103,cnp_endurance_multivm_20260918T124034Z-task-0000103,correlate.synthetic,2026-09-18T12:45:26.128530+00:00,2026-09-18T12:45:26.165666+00:00,20.641,ubuntu-beta,ok,36.918,0,"{""debian-alpha"": 0.791, ""ubuntu-beta"": 0.938034}",{},3690,andy-VirtualBox,False
104,cnp_endurance_multivm_20260918T124034Z-task-0000104,parse.synthetic,2026-09-18T12:45:26.328026+00:00,2026-09-18T12:45:26.366320+00:00,20.844,ubuntu-beta,ok,38.463,0,"{""debian-alpha"": 0.850677, ""ubuntu-beta"": 0.926239}",{},3690,andy-VirtualBox,False
105,cnp_endurance_multivm_20260918T124034Z-task-0000105,route.synthetic,2026-09-18T12:45:26.523242+00:00,2026-09-18T12:45:26.574318+00:00,21.047,ubuntu-beta,ok,51.082,0,"{""debian-alpha"": 0.821, ""ubuntu-beta"": 0.980265}",{},3690,andy-VirtualBox,False
106,cnp_endurance_multivm_20260918T124034Z-task-0000106,detect.synthetic,2026-09-18T12:45:26.728182+00:00,2026-09-18T12:45:26.773959+00:00,21.25,ubuntu-beta,ok,46.039,0,"{""debian-alpha"": 0.785, ""ubuntu-beta"": 0.956267}",{},3690,andy-VirtualBox,False
107,cnp_endurance_multivm_20260918T124034Z-task-0000107,correlate.synthetic,2026-09-18T12:45:26.924532+00:00,2026-09-18T12:45:26.961631+00:00,21.438,ubuntu-beta,ok,37.048,0,"{""debian-alpha"": 0.791, ""ubuntu-beta"": 0.938302}",{},3690,andy-VirtualBox,False
108,cnp_endurance_multivm_20260918T124034Z-task-0000108,parse.synthetic,2026-09-18T12:45:27.124340+00:00,2026-09-18T12:45:27.161465+00:00,21.641,ubuntu-beta,ok,37.197,0,"{""debian-alpha"": 0.850677, ""ubuntu-beta"": 0.92649}",{},3690,andy-VirtualBox,False
109,cnp_endurance_multivm_20260918T124034Z-task-0000109,route.synthetic,2026-09-18T12:45:27.328557+00:00,2026-09-18T12:45:27.373924+00:00,21.86,ubuntu-beta,ok,45.416,0,"{""debian-alpha"": 0.821, ""ubuntu-beta"": 0.980509}",{},3690,andy-VirtualBox,False
110,cnp_endurance_multivm_20260918T124034Z-task-0000110,detect.synthetic,2026-09-18T12:45:27.514868+00:00,2026-09-18T12:45:27.557357+00:00,22.031,ubuntu-beta,ok,42.665,0,"{""debian-alpha"": 0.785, ""ubuntu-beta"": 0.956513}",{},3690,andy-VirtualBox,False
111,cnp_endurance_multivm_20260918T124034Z-task-0000111,correlate.synthetic,2026-09-18T12:45:27.727653+00:00,2026-09-18T12:45:27.766904+00:00,22.25,ubuntu-beta,ok,39.132,0,"{""debian-alpha"": 0.791, ""ubuntu-beta"": 0.938554}",{},3690,andy-VirtualBox,False
112,cnp_endurance_multivm_20260918T124034Z-task-0000112,parse.synthetic,2026-09-18T12:45:27.926800+00:00,2026-09-18T12:45:27.979795+00:00,22.453,ubuntu-beta,ok,53.394,0,"{""debian-alpha"": 0.850677, ""ubuntu-beta"": 0.926726}",{},3690,andy-VirtualBox,False
113,cnp_endurance_multivm_20260918T124034Z-task-0000113,route.synthetic,2026-09-18T12:45:28.127754+00:00,2026-09-18T12:45:28.176311+00:00,22.656,ubuntu-beta,ok,48.93,0,"{""debian-alpha"": 0.821, ""ubuntu-beta"": 0.980742}",{},3690,andy-VirtualBox,False
114,cnp_endurance_multivm_20260918T124034Z-task-0000114,detect.synthetic,2026-09-18T12:45:28.328526+00:00,2026-09-18T12:45:28.371908+00:00,22.844,ubuntu-beta,ok,43.759,0,"{""debian-alpha"": 0.785, ""ubuntu-beta"": 0.956743}",{},3690,andy-VirtualBox,False
115,cnp_endurance_multivm_20260918T124034Z-task-0000115,correlate.synthetic,2026-09-18T12:45:28.528174+00:00,2026-09-18T12:45:28.574193+00:00,23.047,ubuntu-beta,ok,46.185,0,"{""debian-alpha"": 0.791, ""ubuntu-beta"": 0.938784}",{},3690,andy-VirtualBox,False
116,cnp_endurance_multivm_20260918T124034Z-task-0000116,parse.synthetic,2026-09-18T12:45:28.728229+00:00,2026-09-18T12:45:28.765378+00:00,23.25,ubuntu-beta,ok,37.11,0,"{""debian-alpha"": 0.850677, ""ubuntu-beta"": 0.926942}",{},3690,andy-VirtualBox,False
117,cnp_endurance_multivm_20260918T124034Z-task-0000117,route.synthetic,2026-09-18T12:45:28.926274+00:00,2026-09-18T12:45:28.963862+00:00,23.438,ubuntu-beta,ok,37.341,0,"{""debian-alpha"": 0.821, ""ubuntu-beta"": 0.98096}",{},3690,andy-VirtualBox,False
118,cnp_endurance_multivm_20260918T124034Z-task-0000118,detect.synthetic,2026-09-18T12:45:29.126816+00:00,2026-09-18T12:45:29.167909+00:00,23.641,ubuntu-beta,ok,41.117,0,"{""debian-alpha"": 0.785, ""ubuntu-beta"": 0.956959}",{},3690,andy-VirtualBox,False
119,cnp_endurance_multivm_20260918T124034Z-task-0000119,correlate.synthetic,2026-09-18T12:45:29.327989+00:00,2026-09-18T12:45:29.375981+00:00,23.86,ubuntu-beta,ok,48.337,0,"{""debian-alpha"": 0.791, ""ubuntu-beta"": 0.938998}",{},3690,andy-VirtualBox,False
120,cnp_endurance_multivm_20260918T124034Z-task-0000120,parse.synthetic,2026-09-18T12:45:29.517189+00:00,2026-09-18T12:45:29.558571+00:00,24.031,ubuntu-beta,ok,41.409,0,"{""debian-alpha"": 0.850677, ""ubuntu-beta"": 0.927148}",{},3690,andy-VirtualBox,False
121,cnp_endurance_multivm_20260918T124034Z-task-0000121,route.synthetic,2026-09-18T12:45:29.728269+00:00,2026-09-18T12:45:29.767150+00:00,24.25,ubuntu-beta,ok,39.01,0,"{""debian-alpha"": 0.821, ""ubuntu-beta"": 0.981164}",{},3690,andy-VirtualBox,False
122,cnp_endurance_multivm_20260918T124034Z-task-0000122,detect.synthetic,2026-09-18T12:45:29.926804+00:00,2026-09-18T12:45:29.975061+00:00,24.453,ubuntu-beta,ok,48.541,0,"{""debian-alpha"": 0.785, ""ubuntu-beta"": 0.957163}",{},3690,andy-VirtualBox,False
123,cnp_endurance_multivm_20260918T124034Z-task-0000123,correlate.synthetic,2026-09-18T12:45:30.122900+00:00,2026-09-18T12:45:30.172139+00:00,24.656,ubuntu-beta,ok,49.271,0,"{""debian-alpha"": 0.791, ""ubuntu-beta"": 0.939197}",{},3690,andy-VirtualBox,False
124,cnp_endurance_multivm_20260918T124034Z-task-0000124,parse.synthetic,2026-09-18T12:45:30.327510+00:00,2026-09-18T12:45:30.411160+00:00,24.891,ubuntu-beta,ok,83.878,0,"{""debian-alpha"": 0.850677, ""ubuntu-beta"": 0.927341}",{},3690,andy-VirtualBox,False
125,cnp_endurance_multivm_20260918T124034Z-task-0000125,route.synthetic,2026-09-18T12:45:30.521087+00:00,2026-09-18T12:45:30.613188+00:00,25.094,ubuntu-beta,ok,92.908,0,"{""debian-alpha"": 0.821, ""ubuntu-beta"": 0.981355}",{},3690,andy-VirtualBox,False
126,cnp_endurance_multivm_20260918T124034Z-task-0000126,detect.synthetic,2026-09-18T12:45:30.720716+00:00,2026-09-18T12:45:30.886187+00:00,25.36,ubuntu-beta,ok,165.676,0,"{""debian-alpha"": 0.785, ""ubuntu-beta"": 0.957352}",{},3690,andy-VirtualBox,False
127,cnp_endurance_multivm_20260918T124034Z-task-0000127,correlate.synthetic,2026-09-18T12:45:30.927424+00:00,2026-09-18T12:45:31.081942+00:00,25.563,ubuntu-beta,ok,154.709,0,"{""debian-alpha"": 0.791, ""ubuntu-beta"": 0.939384}",{},3690,andy-VirtualBox,False
128,cnp_endurance_multivm_20260918T124034Z-task-0000128,parse.synthetic,2026-09-18T12:45:31.126797+00:00,2026-09-18T12:45:31.292847+00:00,25.766,ubuntu-beta,ok,165.887,0,"{""debian-alpha"": 0.850677, ""ubuntu-beta"": 0.927498}",{},3690,andy-VirtualBox,False
129,cnp_endurance_multivm_20260918T124034Z-task-0000129,route.synthetic,2026-09-18T12:45:31.329398+00:00,2026-09-18T12:45:31.544071+00:00,26.016,ubuntu-beta,ok,214.224,0,"{""debian-alpha"": 0.821, ""ubuntu-beta"": 0.981519}",{},3690,andy-VirtualBox,False
130,cnp_endurance_multivm_20260918T124034Z-task-0000130,detect.synthetic,2026-09-18T12:45:31.544071+00:00,2026-09-18T12:45:31.758570+00:00,26.235,ubuntu-beta,ok,214.707,0,"{""debian-alpha"": 0.785, ""ubuntu-beta"": 0.95748}",{},3690,andy-VirtualBox,False
131,cnp_endurance_multivm_20260918T124034Z-task-0000131,correlate.synthetic,2026-09-18T12:45:31.759251+00:00,2026-09-18T12:45:31.896975+00:00,26.375,ubuntu-beta,ok,137.291,0,"{""debian-alpha"": 0.791, ""ubuntu-beta"": 0.939522}",{},3690,andy-VirtualBox,False
132,cnp_endurance_multivm_20260918T124034Z-task-0000132,parse.synthetic,2026-09-18T12:45:31.922398+00:00,2026-09-18T12:45:32.008374+00:00,26.485,ubuntu-beta,ok,86.098,0,"{""debian-alpha"": 0.850677, ""ubuntu-beta"": 0.927611}",{},3690,andy-VirtualBox,False
133,cnp_endurance_multivm_20260918T124034Z-task-0000133,route.synthetic,2026-09-18T12:45:32.124082+00:00,2026-09-18T12:45:32.179592+00:00,26.656,ubuntu-beta,ok,55.249,0,"{""debian-alpha"": 0.821, ""ubuntu-beta"": 0.981603}",{},3690,andy-VirtualBox,False
134,cnp_endurance_multivm_20260918T124034Z-task-0000134,detect.synthetic,2026-09-18T12:45:32.328990+00:00,2026-09-18T12:45:32.387603+00:00,26.86,ubuntu-beta,ok,58.592,0,"{""debian-alpha"": 0.785, ""ubuntu-beta"": 0.957565}",{},3690,andy-VirtualBox,False
135,cnp_endurance_multivm_20260918T124034Z-task-0000135,correlate.synthetic,2026-09-18T12:45:32.528407+00:00,2026-09-18T12:45:32.625732+00:00,27.11,ubuntu-beta,ok,97.296,0,"{""debian-alpha"": 0.791, ""ubuntu-beta"": 0.939663}",{},3690,andy-VirtualBox,False
136,cnp_endurance_multivm_20260918T124034Z-task-0000136,parse.synthetic,2026-09-18T12:45:32.716336+00:00,2026-09-18T12:45:32.778893+00:00,27.266,ubuntu-beta,ok,63.205,0,"{""debian-alpha"": 0.850677, ""ubuntu-beta"": 0.927767}",{},3690,andy-VirtualBox,False
137,cnp_endurance_multivm_20260918T124034Z-task-0000137,route.synthetic,2026-09-18T12:45:32.923582+00:00,2026-09-18T12:45:32.971621+00:00,27.453,ubuntu-beta,ok,48.222,0,"{""debian-alpha"": 0.821, ""ubuntu-beta"": 0.981762}",{},3690,andy-VirtualBox,False
138,cnp_endurance_multivm_20260918T124034Z-task-0000138,detect.synthetic,2026-09-18T12:45:33.125319+00:00,2026-09-18T12:45:33.223819+00:00,27.703,ubuntu-beta,ok,98.479,0,"{""debian-alpha"": 0.785, ""ubuntu-beta"": 0.957724}",{},3690,andy-VirtualBox,False
139,cnp_endurance_multivm_20260918T124034Z-task-0000139,correlate.synthetic,2026-09-18T12:45:33.328731+00:00,2026-09-18T12:45:33.408818+00:00,27.891,ubuntu-beta,ok,80.228,0,"{""debian-alpha"": 0.791, ""ubuntu-beta"": 0.939806}",{},3690,andy-VirtualBox,False
140,cnp_endurance_multivm_20260918T124034Z-task-0000140,parse.synthetic,2026-09-18T12:45:33.518475+00:00,2026-09-18T12:45:33.581466+00:00,28.063,ubuntu-beta,ok,62.803,0,"{""debian-alpha"": 0.850677, ""ubuntu-beta"": 0.927913}",{},3690,andy-VirtualBox,False
141,cnp_endurance_multivm_20260918T124034Z-task-0000141,route.synthetic,2026-09-18T12:45:33.719021+00:00,2026-09-18T12:45:33.772659+00:00,28.25,ubuntu-beta,ok,53.822,0,"{""debian-alpha"": 0.821, ""ubuntu-beta"": 0.981914}",{},3690,andy-VirtualBox,False
142,cnp_endurance_multivm_20260918T124034Z-task-0000142,detect.synthetic,2026-09-18T12:45:33.923493+00:00,2026-09-18T12:45:33.981698+00:00,28.469,ubuntu-beta,ok,58.435,0,"{""debian-alpha"": 0.785, ""ubuntu-beta"": 0.957861}",{},3690,andy-VirtualBox,False
143,cnp_endurance_multivm_20260918T124034Z-task-0000143,correlate.synthetic,2026-09-18T12:45:34.126290+00:00,2026-09-18T12:45:34.173047+00:00,28.656,ubuntu-beta,ok,47.047,0,"{""debian-alpha"": 0.791, ""ubuntu-beta"": 0.939952}",{},3690,andy-VirtualBox,False
144,cnp_endurance_multivm_20260918T124034Z-task-0000144,parse.synthetic,2026-09-18T12:45:34.325572+00:00,2026-09-18T12:45:34.364140+00:00,28.844,ubuntu-beta,ok,38.552,0,"{""debian-alpha"": 0.850677, ""ubuntu-beta"": 0.928051}",{},3690,andy-VirtualBox,False
145,cnp_endurance_multivm_20260918T124034Z-task-0000145,route.synthetic,2026-09-18T12:45:34.520784+00:00,2026-09-18T12:45:34.559657+00:00,29.031,ubuntu-beta,ok,38.814,0,"{""debian-alpha"": 0.821, ""ubuntu-beta"": 0.982057}",{},3690,andy-VirtualBox,False
146,cnp_endurance_multivm_20260918T124034Z-task-0000146,detect.synthetic,2026-09-18T12:45:34.729480+00:00,2026-09-18T12:45:34.766261+00:00,29.25,ubuntu-beta,ok,36.972,0,"{""debian-alpha"": 0.785, ""ubuntu-beta"": 0.958005}",{},3690,andy-VirtualBox,False
147,cnp_endurance_multivm_20260918T124034Z-task-0000147,correlate.synthetic,2026-09-18T12:45:34.926647+00:00,2026-09-18T12:45:34.968807+00:00,29.453,ubuntu-beta,ok,42.257,0,"{""debian-alpha"": 0.791, ""ubuntu-beta"": 0.940096}",{},3690,andy-VirtualBox,False
148,cnp_endurance_multivm_20260918T124034Z-task-0000148,parse.synthetic,2026-09-18T12:45:35.122942+00:00,2026-09-18T12:45:35.160509+00:00,29.641,ubuntu-beta,ok,37.475,0,"{""debian-alpha"": 0.850677, ""ubuntu-beta"": 0.928192}",{},3690,andy-VirtualBox,False
149,cnp_endurance_multivm_20260918T124034Z-task-0000149,route.synthetic,2026-09-18T12:45:35.327926+00:00,2026-09-18T12:45:35.380525+00:00,29.86,ubuntu-beta,ok,52.702,0,"{""debian-alpha"": 0.821, ""ubuntu-beta"": 0.982198}",{},3690,andy-VirtualBox,False
150,cnp_endurance_multivm_20260918T124034Z-controlled-crash,parse.synthetic,2026-09-18T12:45:35.599895+00:00,2026-09-18T12:45:35.599895+00:00,30.078,ubuntu-beta,ok,72.975,0,"{""debian-alpha"": 0.850677, ""ubuntu-beta"": 0.928327}",{},3690,andy-VirtualBox,False
